NOMBRE;PAIS;CIUDAD;LATITUD;LONGITUD;AÑO;ARQUITECTO;PRODUCTO;ACABADO
16 Rambai Road;Singapur;Singapore;1.352100;103.819800;2025;;NATURCLAD-B;WHITE
19 Treasure Island;Singapur;Singapore;1.352100;103.819800;2023;RDCA;NATURCLAD-W, NATURFLOOR-W;AMERICAN WALNUT, RUSTIK MATTE
21 Rochalie;Singapur;Singapore;1.352100;103.819800;2023;RDCA;NATURCLAD-W;RUSTIK
Condominium in Singapore;Singapur;Singapore;1.352100;103.819800;2022;Graceful Decor;NATURFLOOR-W;GRAPHITE
Evergreen House;Singapur;Singapore;1.352100;103.819800;2025;AR43 Architects;;
Great World City;Singapur;Singapore;1.352100;103.819800;2019;;NATURCLAD-W;RUSTIK
Hastens Marina Bay Sands;Singapur;Singapore;1.352100;103.819800;2022;;NATURFLOOR-W;WHITE QUERCUS
House in Dunearn;Singapur;Singapore;1.352100;103.819800;2022;Liu & Wo Architects;NATURCLAD-W;RUSTIK
House in Paya Lebar;Singapur;Singapore;1.352100;103.819800;2021;;NATURFLOOR-W;SAND OAK
House In Singapore;Singapur;Singapore;1.352100;103.819800;2022;;NATURCLAD-W;RUSTIK MATTE, CHIA
Patagonia Haus;Singapur;Singapore;1.352100;103.819800;2025; K2LD Architects;;
St. Francis Xabier;Singapur;Singapore;1.352100;103.819800;2021;;NATURCLAD-W;RUSTIK, QUARTZ
Trendspace by JTC;Singapur;Singapore;1.352100;103.819800;2017;ID Architects;NATURCLAD-W;RUSTIK
Void House;Singapur;Singapore;1.352100;103.819800;2020;FARM;NATURCLAD-W;RUSTIK
11 Queen Astrid Park;Singapur;Singapur;1.352100;103.819800;2024;K2LD;NATURCLAD-B, NATURSOFFIT-W;CHIA, DRIFTWOOD, GREY AMERICAN OAK
12 Begonia Road;Singapur;Singapur;1.352100;103.819800;2024;LUA Architects;NATURCLAD-W;RUSTIK MATTE
17 Dalvey;Singapur;Singapur;1.352100;103.819800;2024;Guz Architects;NATURCLAD-W;RUSTIK MATTE
54 Blandford Drive;Singapur;Singapur;1.352100;103.819800;2024;Bhatch Architects;NATURCLAD-B;BLACK
95 Neram Road;Singapur;Singapur;1.352100;103.819800;2024;Jian Associates;NATURSOFFIT-W, NATURPANEL-W, NATURFLOOR-W;GREY AMERICAN OAK, CINDER, AMERICAN OAK
Admirax;Singapur;Singapur;1.352100;103.819800;2021;;NATURCLAD-W;RUSTIK, SILVER
Air House;Singapur;Singapur;1.352100;103.819800;2018;FARM;NATURCLAD-W;RUSTIK
Viva Centro Comercial;Colombia;Barranquilla;10.968500;-74.781300;2015;;NATURCLAD-W;ONIX
Casacor Peru - Stand;Peru;Lima;-12.046400;-77.042800;2017;Vera Velarde;NATURCLAD-W;AMBAR
Centro Comercial Plaza del Sol;Peru;Lima;-12.046400;-77.042800;2023;Grupo Arquitect—nica;NATURCLAD-B;MUSTARD
Edificio Buenos Aires;Peru;Lima;-12.046400;-77.042800;2018;Efron Arquitectos;NATURCLAD-W;RUSTIK
La Mar 550;Peru;Lima;-12.046400;-77.042800;2018;Carla Abarca;NATURCLAD-W, NATURSKININT-W;RUSTIK
Shopping La Molina;Peru;Lima;-12.046400;-77.042800;2023;Grupo Arquitectonica;NATURSOFFIT-W;GREY AMERICAN OAK
Universidad ESAN;Peru;Lima;-12.046400;-77.042800;;;;
USIL - Universidad San Ignacio de Loyola;Peru;Lima;-12.046400;-77.042800;;;NATURPANEL-W;AMERICAN WALNUT, SAND OAK
Project in Thailand;Tailandia;Bangkok;13.756300;100.501800;2022;;NATURCLAD-W;RUSTIK
Bougainvillea Street Residence;Filipinas;Makati;14.554700;121.024400;2021;Nazareno Architects + Design;NATURCLAD-W;RUSTIK
Bahay Huni;Filipinas;Manila;14.599500;120.984200;2022;Nazareno;NATURCLAD-W;NUX
Bauhinia Street Residence;Filipinas;Manila;14.599500;120.984200;2020;Nazareno + Guerrero Architects;NATURCLAD-W;RUSTIK
DAO Residence;Filipinas;Manila;14.599500;120.984200;2021;Nazareno Architecture + Design;NATURCLAD-W;RUSTIK
Hans Tan House;Filipinas;Manila;14.599500;120.984200;2020;WTA Architecture and Design Studio;NATURSOFFIT-W, NATURFLOOR-W;GREY AYOOUS, SAND OAK
Ipil Place;Filipinas;Manila;14.599500;120.984200;2024;Nazareno;NATURCLAD-B;MUSTARD
Mahogany House;Filipinas;Manila;14.599500;120.984200;2018;Nazareno + Guerrero Architects;NATURCLAD-W;RUSTIK
Powerplant Rockwell;Filipinas;Manila;14.599500;120.984200;2020;;NATURHARDPANEL-W;RUSTIK
Rosario Residence;Filipinas;Manila;14.599500;120.984200;2023;Pacholo Malvar Architect;NATURCLAD-B;TOBACCO
AEME;Guatemala;Guatemala;14.634900;-90.506900;2021;PAZ Arquitectura;NATURCLAD-W;RUSTIK
Plaza Decorísima;Guatemala;Guatemala;14.634900;-90.506900;2017;Olik Studio;NATURCLAD-W;RUSTIK
Sheraton Hotel in Dakar;Senegal;Dakar;14.716700;-17.467700;2022;Obras / DSA Architects / Orsini Dubai;;
Hillside Hall;Reino Unido;Kingston;17.997017;-76.793583;;LBB;;
Remodelling of Estadio Azteca;México;City of Mexico;19.432600;-99.133200;2016;Jaime??? (consultar a HD MŽxico);NATURPANEL-W;AMERICAN WALNUT
BBVA Tower Auditorium;México;Mexico city;19.432600;-99.133200;2010;Legorreta Arquitectos;NATURHARDPANEL-W, NATURHARDPANEL-W, NATURPANEL-W;WHITE AMERICAN OAK, RUSTIK
C.C. Punto 45;México;Mexico City;19.432600;-99.133200;2018;;NATURCLAD-W;RUSTIK
T2 Aeroméxico (Renovación);México;México City;19.432600;-99.133200;2025;Serrano Arquitectos y Asociados, S.C.;;AMERICAN OAK
Estación de Tulum (tren maya);México;Tulum;20.211400;-87.465400;2024;SENER;;RUSTIK MATTE
Casa del árbol;México;Querétaro;20.588800;-100.389900;2022;Juan Carlos Zorrilla;NATURCLAD-W, NATURFLOOR-W;RUSTIK, COUNTRY OAK
Avianca Lounges;Bogota;Colombia;20.985533;-77.425550;2018;Francesc Rifé Studio;NATURPANEL-W, NATURHARDPANEL-W;AMERICAN WALNUT
BT5 villa;Vietnam;Lakeside Splendora;21.024500;105.841167;;APDI;NATURCLAD-W;
Al Rashed;Emiratos Arabes Unidos;Jed;21.490117;39.186233;;Obras;;
Tamco;Emiratos Arabes Unidos;Jed;21.490117;39.186233;;Obras;;
EKCC - East Kowloon Cultural Center;Hong Kong;Hong Kong;22.319300;114.169400;2022;ROCCO Design Architects;NATURHARDPANEL-W, NATURPANEL-W;CHERRY
Expansion and Renovation of the Hong Kong Museum of Art;Hong Kong;Hong Kong;22.319300;114.169400;2018;ArchSD ;NATURFLOOR-W;WHITE AMERICAN OAK
Grand Garden;Hong Kong;Hong Kong;22.319300;114.169400;2018;Studio PDP;NATURCLAD-W;RUSTIK
Hong Kong Science Park, Phase II, Green 18;Hong Kong;Hong Kong;22.319300;114.169400;2012;Simon Kwan & Associates Ltd;NATURHARDPANEL-W;CHERRY
Kowloon Bay Post Office ;Hong Kong;Hong Kong;22.319300;114.169400;2022;ArchSD ;NATURFLOOR-W;COUNTRY OAK
Kaohsiung American School;Taiwan;Kaohsiung;22.627300;120.301400;2012;MAYU architects+;;
Al Mouj Sales & Experience centre;Oman;Muscat;23.588000;58.382900;;Obras;NATURCLAD-W;RUSTIK
Al Bahya Farmhouse Villa;Emiratos Arabes Unidos;Abu Dhabi;24.453900;54.377300;2024;Obras / Arabian aluminium / Asqalan;NATURCLAD-B;
Al Mina Palace (roof decking);Emiratos Arabes Unidos;Abu Dhabi;24.453900;54.377300;;Obras / Mohamed Bin Zayed Al Nahyan Private Office;;
Algerian Embassy;Emiratos Arabes Unidos;Abu Dhabi;24.453900;54.377300;2023;Obras / Al Hashim Contracting;;
Asma Mohmd Al Mutawah Villa;Emiratos Arabes Unidos;Abu Dhabi;24.453900;54.377300;2023;Obras;;
Jawaher Villa, Saadiyat Island;Emiratos Arabes Unidos;Abu Dhabi;24.453900;54.377300;2022;Obras;;
Khalid Alkaf Villa (Al Gurm Abu Dhabi);Emiratos Arabes Unidos;Abu Dhabi;24.453900;54.377300;2022;Obras;;
Khor Al Raha;Emiratos Arabes Unidos;Abu Dhabi;24.453900;54.377300;2022;JT Partners Architects;NATURSOFFIT-W, NATURCLAD-W;RUSTIK
KMV Pergola. Reem Island;Emiratos Arabes Unidos;Abu Dhabi;24.453900;54.377300;2022;Obras / MZ / TAG Interiors;;
Mr. Sultan Al Darmaki Private Villa, Nareel Island;Emiratos Arabes Unidos;Abu Dhabi;24.453900;54.377300;;Obras / Diamond Arch;NATURCLAD-W;
Nudra Villa (phase 3);Emiratos Arabes Unidos;Abu Dhabi;24.453900;54.377300;2023;Obras / Maisam Architects / Walkthru;;
Private Villa (Asma Mutawa);Emiratos Arabes Unidos;Abu Dhabi;24.453900;54.377300;;;;
Qaryat Al Hidd C11 Buildings;Emiratos Arabes Unidos;Abu Dhabi;24.453900;54.377300;;Obras / Halmark Interior / Shapoorji / Khatib& Alami/ Al Hazanah;;
RMV Razan Al Mubarak Villa, Reem Island;Emiratos Arabes Unidos;Abu Dhabi;24.453900;54.377300;2023;Obras / MZ Architects / Palace Contracting appointed;;
Saadiyat Park Hyatt;Emiratos Arabes Unidos;Abu Dhabi;24.453900;54.377300;2024;Obras / ADNH;;NUX
Saed Al Dhaheri Project;Emiratos Arabes Unidos;Abu Dhabi;24.453900;54.377300;2026;Obras / Acta Interiors;;
Sir Baniyas Visitor Center;Emiratos Arabes Unidos;Abu Dhabi;24.453900;54.377300;2023;Obras / Scan Construction;;
Starbucks ADNOC -New Branch;Emiratos Arabes Unidos;Abu Dhabi;24.453900;54.377300;2025;Obras / Publika Trading LLC;;
Villa 9;Emiratos Arabes Unidos;Abu Dhabi;24.453900;54.377300;2025;Obras / Blue Camel Design LLC;NATURFLOOR-W;
Villa Door;Emiratos Arabes Unidos;Abu Dhabi;24.453900;54.377300;2024;Obras / SDIC / K&A / Barracuda;;HAZEL
Yas Mall;Emiratos Arabes Unidos;Abu Dhabi;24.453900;54.377300;2026;Obras / HLN Technical Services LLC;;
Private residential palace in riyadh;;KSA - Riyadh;24.687733;46.721850;2026;Obras / Midad real Estate Investment and Development Co.;NATURCLAD-W;
Mr. Sona Villa;Emiratos Arabes Unidos;Riy;24.687733;46.721850;;Obrasintl.com;;
Salem Al Hindi Villa;Arabia Saudita;Riyadh;24.713600;46.675300;;Obrasintl.com / Omar cont.;;
Al Alin Villa Door;Emiratos Arabes Unidos;Al Ain;24.130200;55.802300;2025;Obras / Arfan Ullah Qumer;NATURCLAD-W;HAZEL
P177 Al Ain Majilis;Emiratos Arabes Unidos;Al Ain;24.130200;55.802300;2026;Obras / ZAD Studio/ Ali & Sons/ Extra Co./ Ali Khalfan Rashed;NATURCLAD-W;
Starbucks Taochiung;Taiwan;Taochiung;24.146900;120.683900;2023;;NATURCLAD-W;RUSTIK
Our Lady of Providence Chapel;Taiwan;Taichung;24.147700;120.673600;2018;HAH;NATURCLAD-W;AMBAR
Agora Mall Additional;Emiratos Arabes Unidos;Dubai;25.214800;55.251800;2021;Obrasintl.com / ARJ;;
Al Majlis (Expo site);Emiratos Arabes Unidos;Dubai;24.965000;55.160000;2022;Obrasintl.com / ASI;;
Amaala SPA, The Red Sea Mockup;Arabia Saudita;Tabuk;26.643617;36.225833;;Obras / DSA / Grankraft;;
B109 Villa, Palm Jumeirah;Emiratos Arabes Unidos;Dubai;25.112000;55.134000;;Obras / XBD / Trilines Contracting;;
Dewji Villa at Dubai Hills for Munaf Patel;Emiratos Arabes Unidos;Dubai;25.115000;55.240000;;Obras / Orange / Marco / Khushnudi Contracting;;
DM Services & Facilities Public Beach Al Mamzar;Emiratos Arabes Unidos;Dubai;25.323000;55.347000;2024;Obras / Alturath / Grandkraft / Dutco / Al Madar;NATURCLAD-W;HAZEL MATTE
Dubai Hills Mall;Emiratos Arabes Unidos;Dubai;25.101717;55.239933;2019;CALLISON RTKL;NATURHARDPANEL-W;EUCALYPTUS,  AMERICAN WALNUT
Dubai Hills Villa;Emiratos Arabes Unidos;Dubai;25.100000;55.240000;2022;Obrasintl.com / Ramesh Hira LLC / Naga;;
Dubai Marina Yacht Club(DFC Marina);Emiratos Arabes Unidos;Dubai;25.075500;55.140000;2022;Obrasintl.com / ARJ / Mirage Contracting;; 
E125 Villa (Wassim Younan Villa);Emiratos Arabes Unidos;Dubai;25.077000;55.177000;;;;
Emad Jaber Private Villa (La Casa MD), Dubai Hills;Emiratos Arabes Unidos;Dubai;25.100000;55.240000;2023;Obras / La Casa;;
Farm House Project (Al Aweer);Emiratos Arabes Unidos;Dubai;25.160000;55.490000;2022;Obras / Al Arif Cont / Domus;;
HH Sultan Al Qassimi Villa in Palm Jumeirah G41;Emiratos Arabes Unidos;Dubai;25.114000;55.137000;2022;Obras / Intermass / DEC Architects;;
Hotel Five Palm Jumeirah Dubai;Emiratos Arabes Unidos;Dubai;25.112000;55.137000;2017;P&T Group;NATURCLAD-W;QUARTZ
Iman and Saeed Villa, Dubai Hills Estate, Emerald Hills;Emiratos Arabes Unidos;Dubai;25.103000;55.242000;2025;Obras / Orient Crown / KAYMA / PROJECO;NATURCLAD-W;ANTRA
J03 Villa. Palm Jumeirah;Emiratos Arabes Unidos;Dubai;25.113000;55.143000;2022;Obras / XBD Architects / K&D Contracting;;
Jasmine Leaf 2 Villa 5 Barari (Mr. Raif Villa);Emiratos Arabes Unidos;Dubai;25.109000;55.307000;2026;Obras / Paramount International Contracting;NATURCLAD-W;
Jubail Private Villa;Emiratos Arabes Unidos;Dubai;24.520000;54.610000;2026;Obras / Innovadxb LLC / A3 Design FZ LLC;;
L112 Villa, Palm Jumeirah;Emiratos Arabes Unidos;Dubai;25.115000;55.149000;2023;Obras / XBD / Bombay Cont;;
La Mer South, J1 Beach (Baoli & Uku restaurants);Emiratos Arabes Unidos;Dubai;25.220000;55.250000;2023;Obras / SSH / Arco / Wyte;;
LV28 Villa at Jumeirah bay Island;Emiratos Arabes Unidos;Dubai;25.217000;55.237000;2024;Obras / XBD / Trilines Cont;;
Mr Nalapad Villa in Dubai Hills;Emiratos Arabes Unidos;Dubai;25.103000;55.242000;;Obrasintl.com /;;
Nad Al Sheba Villas;Emiratos Arabes Unidos;Dubai;25.176000;55.345000;2021;Obras / J&D / Hourie;;
P31 Villa, Dubai Hills;Emiratos Arabes Unidos;Dubai;25.103000;55.242000;2024;Obras / XBD / DIG In / Walkthru Contracting;NATURCLAD-W;
P41 Villa RR ( Razia Rahman), Dubai Hills;Emiratos Arabes Unidos;Dubai;25.103000;55.242000;2023;Obras / XBD / Sarah Contracting;;
P42 Villa, Dubai Hills;Emiratos Arabes Unidos;Dubai;25.103000;55.242000;2023;Obras / Dig-In Architects / Edge Plus Cont;;
P55 (PR) Villa, Dubai Hills;Emiratos Arabes Unidos;Dubai;25.103000;55.242000;2023;Obras / XBD Architects / Sarah Contracting;;
P77 Villa, Emerald Hills;Emiratos Arabes Unidos;Dubai;25.103000;55.242000;2025;Obras / XBD / Trilines / Hennessey LLC;NATURCLAD-W;CINDER
P80 Deepak Lalwani Villa, Emerald Hills;Emiratos Arabes Unidos;Dubai;25.103000;55.242000;2023;Obras / XBD / Hennessey Contracting;;
Palm Jumeirah Frond P Villa 13;Emiratos Arabes Unidos;Dubai;25.116000;55.149000;2026;Obras / Creating homes interiors and contracting LLC;NATURCLAD-W;
Parkways 144 Villa, Dubai Hills;Emiratos Arabes Unidos;Dubai;25.103000;55.242000;;Obras / House Elvn / park way;NATURFLOOR-W, NATURHARDPANEL-W;CINDER, SAND OAK
Preeya's Villa at Dubai Hills;Emiratos Arabes Unidos;Dubai;25.103000;55.242000;2022;Obras / Ramesh Hira LLC;;
Royal Atlantis Hotel;Emiratos Arabes Unidos;Dubai;25.138050;55.127783;2023;Obras;;
Sharma Villa E 175, Emirates Hills;Emiratos Arabes Unidos;Dubai;25.083000;55.183000;2024;Obras / XBD / Visiontech / Spacetech/ Anikom/ Mrs. Fariba Bahari;NATURCLAD-W;
Swimming pool area, Mariott Jaddaf;Emiratos Arabes Unidos;Dubai;25.211367;55.315667;2021;obras;;
V107 Villa-Emerald Hills, Dubai Hills;Emiratos Arabes Unidos;Dubai;25.103000;55.242000;2024;Obras / Walkthru Contracting / Trilines / Vision tech / Dufit Interiors /  Orient Crown/XBD/ Jay Nagrecha;NATURCLAD-B;CINDER
Villa 017, Emerald Hills;Emiratos Arabes Unidos;Dubai;25.103000;55.242000;2026;Obras / B5 Living Interior LLC;;
R&P Aziz Villa in Sharjah;Emiratos Arabes Unidos;Sharjah;25.346300;55.420900;2025;Obras / Innova;;
Gym & Paddle Tennis Court;Emiratos Arabes Unidos;Ajman;25.405200;55.513600;2023;Obras / AJ Design;;
Hotel NH Collection Monterrey San Pedro;México;Monterrey;25.686600;-100.316100;2015;;NATURCLAD-W;ONIX
Alina Offices;Estados Unidos;Miami;25.770000;-80.192000;2020;SCSI;NATURFLOOR-W;WALNUT
Citadel - Private Villa;Estados Unidos;Miami;25.761800;-80.191800;2023;N Lopez;NATURFLOOR-W;SAND OAK
Felice Restaurant;Estados Unidos;Miami;25.759050;-80.192717;2023;N Lopez;NATURFLOOR-W;AMERICAN WALNUT
Mr C's Residence;Estados Unidos;Miami;25.761700;-80.191800;2022;;;
Centro comercial Grand Central;Australia;Toowoomba;-27.559800;151.950700;;FJMT;NATURCLAD-W;PALE
Ten Suites by the beach;España;Maspalomas Gran Canarias ;27.760567;-15.586017;2020;;NATURCLAD-W;RUSTIC
Hotel Cordial Mogan;España;Gran Canaria;27.818000;-15.765000;;;;
UT Multipurpose building (University of Tampa);Estados Unidos;Florida;27.947000;-82.458000;2023;;NATURCLAD-W;
Moffit Cancer Center;Estados Unidos;Tampa;27.947517;-82.458433;2022;PPSI;NATURHARDPANEL-W;TEKA
Hotel Princesa Yaiza;España;Lanzarote;28.867000;-13.830000;;;;
Hotel Fariones;España;Lanzarote;28.963000;-13.548000;;LAZARO ROSA VIOLAN;;
Hotel el Faro;España;Maspalomas, Gran Canaria;27.735633;-15.598083;;;;
Hotel Gold by Marina;España;Playa del Inglés, Gran Canaria;27.756683;-15.572250;;;;
Hotel Emblematico Agaldar;España;Gáldar, Gran Canaria;28.145200;-15.655900;;;;
Chongqing Longfor, Hall of Waterfront City;China;Chongqin;29.560267;106.557717;2017;Shanghai Tianhua Architecture;NATURCLAD-W;RUSTIK
Northeast Georgia Medical Center;;Gainesville;29.651633;-82.324833;;;;
Hope Lodge;Estados Unidos;Houston;29.710000;-95.405000;;;;
Permission Whiskey (Bar Restaurant);Estados Unidos;Houston;29.771000;-95.389000;2023;Spec Int Ex;NATURFLOOR-W;RUSTIC WALNUT
Kirkland&Ellis;Estados Unidos;Houston;29.762400;-95.364700;2023;Gensler;NATURHARDPANEL-W;SAND OAK
Austin Stadium;Estados Unidos;Austin;30.386000;-97.727000;;GENSLER Austin;NATURCLAD-W;RUSTIK
Domain Lobby;Estados Unidos;Austin;30.405000;-97.721000;;Cant find this project;;
UT Arena Moody Center;Estados Unidos;Austin;30.281000;-97.730000;2022;Gensler Austin;NATURCLAD-W;RUSTIK
Bank of Ozark;Estados Unidos;Austin;30.276000;-97.734000;2025;HKS Architects;Naturfloor-W;SAND OAK
Lamar State College;Estados Unidos;Orange, TX;30.092983;-93.736550;2023;Spec Int Ex;NATURFLOOR-W, NATURHARDPANEL-W;RUSTIC WALNUT
Ocean Keys;Australia;Clarkson;-31.682800;115.724700;2014;FJMT;NATURCLAD-W;RUSTIK, SILVER
State College Orange Hall ;Reino Unido;Salem;31.769033;35.216333;;;;
Jardín de infancia en Yavne;Israel;Yavne;31.878000;34.738400;2020;Regavim + Architects;NATURCLAD-W;RUSTIK
Kindergarten Komplex, Yavne;Israel;Yavne;31.878000;34.738400;2019;Regavim + Architects;NATURCLAD-W;RUSTIK
Kindergarten Duo;Israel;Givatayim;32.071800;34.810000;2018;Regavim + Architects;NATURCLAD-W;RUSTIK
Genentech;Estados Unidos;San Diego;32.959000;-117.220000;2023;Surfaces & Systems;NATURHARDPANEL-W;EUCALYPTUS
IQHQ RADD;Estados Unidos;San Diego;32.732000;-117.170000;2023;GD Group;NATURFLOOR-W;COUNTRY OAK
Sorrento Theraputics;Estados Unidos;San Diego;32.883000;-117.211000;2023;Davis Group;NATURHARDPANEL-W;SAND OAK
Sessions by the Bay;Estados Unidos;San Diego;32.659417;-117.108950;2025;Heleo;NATURCLAD-W;RUSTIK
Fort Worth City Hall;Estados Unidos;Ft. Worth;32.725417;-97.320850;2023;Spec Int Ex;NATURHARDPANEL-W;SAND OAK
Center for the arts-College of Charleston;Estados Unidos;Charleston;32.776500;-79.931100;2022;SCSI;NATURHARDPANEL-W;MAPLE
Museo Steinhardt de Historia Natural;Israel;Tel Aviv;32.085300;34.781800;2018;Kimmel Eshkolot;NATURCLAD-W;RUSTIK
Steinhardt Museum of Natural History;Israel;Tel Aviv;32.085300;34.781800;2018;Kimmel Eshkolot;NATURCLAD-W;RUSTIK
Strike & Reel;Estados Unidos;Garland, TX;32.912617;-96.638883;2019;;NATURCLAD-W;COPPER
Naomi Shemer Elementary School;Israel;Herzliya;32.166300;34.843300;2022;Regavim+Architects;NATURCLAD-W;RUSTIK
Naomi Shemer Elementary School;Israel;Herzliya;32.166300;34.843300;2022;Regavim+Architects;NATURCLAD-W, NATURFLOOR-W, NATURPANEL-W, NATURHARDPANEL-W;RUSTIK, WHITE AMERICAN OAK, AMERICAN OAK, AYOUS
Hospital Gustavo Fricke;Chile;Vi–a del Mar;-33.024000;-71.552000;2020;;NATURCLAD-W;RUSTIK
LO Barnechea Sports Complex-Swimming pool;Chile;Lo Barnechea;-33.352700;-70.518500;;GONZALO MARDONES ARQUITECTO;NATURHARDPANEL-W;BEECH
Youtopia The Sports Club;Chile;Lo Barnechea;-33.352700;-70.518500;2015;Alonso, Balaguer y Arquitectos Asociados;NATURCLAD-W;ANTRA
Azura Cu;Estados Unidos;Arizona;33.448000;-112.074000;2023;CAP (not with us anymore);NATURPANEL-W;NORDIC ASH
Fiscalía Santiago;Chile;Santiago;-33.448900;-70.669300;;;NATURCLAD-W;RUSTIK
Clinica Las Condes;Chile;Santiago de Chile;-33.448900;-70.669300;2015;Infante Arquitectos;NATURCLAD-W;ANTRA
San Gines Cultural Center;Chile;San Gines;-33.456933;-70.648267;2009;;NATURHARDPANEL-W;RUSTIK
Maya Hotel;Estados Unidos;Scottsdale, AZ;33.509217;-111.899033;2023;Spec agency no longer with us;NATURHARDPANEL-W;SAND OAK
Residences in Pacific City;Estados Unidos;Huntington Beach, CA, USA;33.660300;-117.999233;;MVE Architects;;GOLD, ONYX, COPPER
14th Spring Lobby;Estados Unidos;Atlanta;33.749000;-84.388000;2022;HKS Architects;NATURPANEL-W;RUSTIK
Blacktown Hospital;Australia;Blacktown;-33.775600;150.917500;2016;Jacobs;NATURCLAD-W;RUSTIK
Recinto estudiantil  - Western Sydney University (WSU);Australia;Parramatta;-33.815000;151.001100;2012;TKD;NATURCLAD-W;
Aqua Apartments;Australia;Sidney;-33.868800;151.209300;2014;Kannfinch Architects;NATURCLAD-W;RUSTIK
Biblioteca y Centro Comunitario de Surry Hills;Australia;Sidney;-33.868800;151.209300;2009;FJMT;NATURCLAD-W;PALE
Liberty Place;Australia;Sidney;-33.868800;151.209300;2015;FJMT;NATURCLAD-W;PALE
Hipódromo Royal Randwick;Australia;Sidney;-33.868800;151.209300;2016;FJMT;NATURCLAD-W;PALE
Sede central Rugby League Central ;Australia;Sidney;-33.868800;151.209300;2016;HBO + EMTB ;NATURCLAD-W ;RUSTIK 
Facultad de derecho, Universidad de Sydney;Australia;Sidney;-33.868800;151.209300;;FJMT;;
EY Centre;Australia;Sidney;-33.868800;151.209300;2016;FJMT;NATURCLAD-W;RUSTIK
Estación Wynyard;Australia;Sidney;-33.868800;151.209300;2016;Cox Architecture;NATURCLAD-W;PALE
Centro Internacional de Convenciones de Sídney;Australia;Sidney;-33.873400;151.199000;2016;HASSELL + Populous;NATURCLAD-W;RUSTIK
Charles Perkins Centre, Universidad de Sydney ;Australia;Sidney;-33.887500;151.183500;2016;FJMT;NATURCLAD-W;RUSTIK
East Village;Libano;Bayrut;33.893317;35.501567;2015;J.M.Bonfils and Associates;NATURCLAD-W;RUSTIK
UC Riverside;Estados Unidos;Riverside, CA;33.953350;-117.396167;2023;HGA;NATURHARDPANEL-W;AMERICAN OAK
Gateway Apartments;Estados Unidos;Marina del Rey, CA;33.980000;-118.451000;;Brooks+Scarpa Architects;;COPPER, ANTRA
The Star in Frisco, Dallas Cowboys HQ;Estados Unidos;Frisco;33.150700;-96.823600;;GENSLER;NATURCLAD-W;ONIX
Biblioteca pública de Frisco;Estados Unidos;Texas;33.151000;-96.824000;2023;Gensler;NATURCLAD-B;MUSTARD
Loma Linda University Medical Center;Estados Unidos;Loma Linda, CA;34.048350;-117.261150;2023;DLS Design;NATURHARDPANEL-W;EUCALYPTUS
Staples Center (Crypto);Estados Unidos;Los Angeles;34.052200;-118.243700;2022;DLS Design;NATURHARDPANEL-W;
Crypto Arena;Estados Unidos;Los Angeles (CA);34.052200;-118.243700;;MEIS ARCHITECTS (a Perkins Eastman Studio);NATURHARDPANEL-W;AMERICAN OAK
Casa Salerno;Argentina;Buenos Aires;-34.603700;-58.381600;2018;;NATURCLAD-W;RUSTIK MATTE
Huntsville City Hall;Estados Unidos;Huntsville;34.730400;-86.585933;2023;SCSI;NATURPANEL-W;AMERICAN WALNUT
McLellan Elementary School;Estados Unidos;Arkansas;34.747000;-92.289000;2023;Mays Maune McWard;;NORDIC ASH, AMERICAN WALNUT
Biblioteca Parks;Australia;Angle Park;-34.860000;138.557000;;JPE;NATURCLAD-W;PALE
Martinos Private Residence;Estados Unidos;Rabun County, Georgia;34.878000;-83.401000;2023;;NATURCLAD-W;RUBI
Piscina Pridham, Universidad de South Australia ;Australia;Adelaida;-34.928500;138.600700;2019;JPE + Snohetta;NATURCLAD-W, NATURHARDPANEL-W;RUSTIK
Canyon View Glendale Road Residence;Estados Unidos;Joshua Tree, California;34.134000;-116.320000;2024;Brunner Architecture;NATURCLAD-W, NATURPANEL-W;RUSTIK
Glendale Road residence;Estados Unidos;Joshua Tree, California;34.134000;-116.320000;2022;Brunner Architecture;;RUSTIK
834 Mibu;Japon;Kyoto;35.011600;135.768100;;;;
The Pearl Innovation District;Estados Unidos;Charlotte, North Carolina;35.227083;-80.843133;2025;CoArchitecture;Naturfloor-W, Naturpanel-W;SAND OAK
Canberra Light Rail Stations;Australia;Canberra;-35.280900;149.130000;2019;Architectus;NATURCLAD-W;RUSTIK
CIT Bus Exchange;Australia;Canberra;-35.280900;149.130000;2024;ACT Government;;RUSTIK
Cabarrus County Courthouse;Estados Unidos;Concord, NC;35.408800;-80.579500;2021;Silling Architects;NATURHARDPANEL-W;COPPER OKUME
Hotel Iwaya;Japon;Tokyo;35.676200;139.650300;2026;Shigeru Ban Architects;;HAZEL
VIP Air France;Japon;Tokyo;35.676200;139.650300;;Noe Duchaufour-Lawrance;NATURPANEL-W, NATURSKININT-W;RECONSTITUTED OAK
Natural Science Center;Reino Unido;Raleigh;35.772100;-78.638617;;;;
Duke University;Reino Unido;Durham;35.994033;-78.898617;;;;
Villa Casa Palmera;Grecia;Rodas;36.435567;28.221983;2022;Synergy Architects;NATURCLAD-W;RUSTIK
University of Arkansas;Estados Unidos;Fayetteville, AR;36.062600;-94.157400;2021;Mays Maune McWard;NATURHARDPANEL-W;MAPLE
Residencial Benalux;España;Marbella;36.501000;-4.931000;2022;BIMOA Arquitectura;NATURCLAD-W;RUSTIK MATTE
Restaurante Messina;España;Marbella;36.508417;-4.880550;2024;Lago Interioriza;NATURCLAD-B;OLIVEGREEN
VA Monterey Outpatient Clinic;Estados Unidos;California;36.684000;-121.802000;;;NATURCLAD-W;ONIX
Mediterraneo 176;España;Rincon de la Victoria;36.717150;-4.275833;2021;Figuerola Arquitectos / Impuls Arquitectura;NATURSOFFIT-W;WHITE AMERICAN OAK
Edificio Residencial Mediterraneo 176;España;Malaga;36.715000;-4.445000;2021;Figuerola Arquitectos;;AMERICAN OAK
Museo de los Dólmenes Antequera;España;Málaga;37.023750;-4.546383;2022;Antonio Campos Alcaide;;AMERICAN OAK
Auditorio de El Ejido;España;El Ejido (Almería);36.776300;-2.814600;2008;;;
Caleia Talayot Spa Hotel;España;Almeria;36.834000;-2.463700;;;;
Aeropuerto Internacional de Auckland;Nueva Zelanda;Auckland;-36.850900;174.764500;2024;;;BAMBOO
Colegio Fruitavale;Nueva Zelanda;Auckland;-36.850900;174.764500;2010;GHD Woodhead creative spaces;NATURCLAD-W;RUSTIK
Firebaugh Community College;Estados Unidos;California;36.858000;-120.456000;2022;Surfaces & Systems / GGKWORKS;NATURFLOOR-W;RECOMNSTITUTED GREY OAK
Kndu Villas;Turquía;Antalya;36.896900;30.713300;2016;GAD Architecture;;
Abadía de Sacromonte;España;Granada;37.183100;-3.577217;2022;;NATURPANEL-W;RUBI, AMBAR
Casa Serrallo;España;Granada;37.160767;-3.578633;2018;Gonzalo Arias Recalde;NATURCLAD-W, NATURFLOOR-W;ONIX, SAND OAK
Restaurante Sierra Nevada;España;Granada;37.083300;-3.166700;2026;Lago Interioriza;;BLACK
MAcMillan Properties;Estados Unidos;San Jose, CA;37.339383;-121.894967;2017;HGA;NATURCLAD-W;RUSTIK
Luna Vista;Estados Unidos;Mountain View, CA;37.386050;-122.083850;2021;Van Meter Williams Pollack LLP;;
Adhara 1;España;Sevilla;37.389100;-5.984500;2022;EdP;NATURCLAD-W;RUSTIK MATTE
Enso;Estados Unidos;California;37.428000;-122.170000;2022;LJ2 Interiors;NATURCLAD-W, NATURHARDPANEL-W;RUSTIK
Universidad de Stanford;Estados Unidos;California;37.428000;-122.170000;2010;NBBJ;;
Centro de conocimiento y aprendizaje Li Ka Shing, Universidad de Stanford;Estados Unidos;Palo Alto, California;37.441883;-122.143017;2010;NBBJ;NATURCLAD-W;RUBI
VMFA - Virginia Museum of Fine Arts;Estados Unidos;Richmond, VA;37.540700;-77.436000;2018;PPSI;NATURFLOOR-W;AMERICAN OAK
Owensboro Hospital;Reino Unido;Owensboro;37.774217;-87.113333;;;;
Metro Crossing;Estados Unidos;San Francisco;37.774900;-122.419400;;;NATURCLAD-W;RUSTIK MATTE
Iglesia Templestowe Baptist;Australia;Melbourne;-37.813600;144.963100;2016;JCB Architects;NATURCLAD-W;RUSTIK
Krubiner Prefab Prototype House;Estados Unidos;Emeryville;37.832000;-122.286000;2011;Swatt Miers Architect;NATURCLAD-W;PALE
Polychronis;Grecia;Glyfada;37.865000;23.754000;2023;;NATURCLAD-W, NATURSKINEXT-W;RUSTIK
Stockton Arena;Estados Unidos;Stockton;37.957700;-121.290800;2015;ThreeSixty;NATURCLAD-W;RUBI
Hotel Murcia Rincon de Pepe;España;Murcia;37.992200;-1.130700;;CLAVEL ARQUITECTOS;NATURFLOOR-W;AMERICAN OAK
Villa unifamiliar en Filothei;Grecia;Filothei;38.023000;23.783000;;;;
Bunjil Place;Australia;Narren Warren;-38.026400;145.306900;2017;FJMT;NATURCLAD-W;RUSTIK
Biblioteca Frank Bartlett Memorial y Centro de Servicios Moe;Australia;Moe;-38.176900;146.260300;2016;FJMT;NATURCLAD-W;PALE
Sede central Eurobulk Ltd;Grecia;Maroussi;38.054000;23.808300;2009;Moustroufis Architecs;NATURCLAD-W;ANTRA
Tortuga Restaurant (Hotel H10 Porto Poniente);España;Benidorm;38.541100;-0.122500;2020;LRV - LÁZARO ROSA VIOLÁN;NATURFLOOR-W;COUNTRY OAK
MLS Saint Louis City SCS City Park;Estados Unidos;Missouri (MO);38.631383;-90.210283;2021;HOK / MAK;NATURHARDPANEL-W;SAND OAK
Gosar Residence;Estados Unidos;Oakton, VA;38.880950;-77.300817;2022;PPSI;NATURFLOOR-W;COUNTRY OAK, SAND OAK, EUCALYPTUS, CARAMEL BAMBOO
JETRC (Joy Evans Therapeutical Recreation Center);Estados Unidos;Washington DC;38.907200;-77.036900;2023;PPSI;NATURHARDPANEL-W, NATURCLAD-W;RUSTIC
Kompass Coffee;Estados Unidos;Washington DC;38.907200;-77.036900;2018;PPSI;NATURPANEL-W, NATURHARDPANEL-W, NATURSKININT-W;AMERICAN OAK
Martha`s Table;Estados Unidos;Washington DC;38.907200;-77.036900;;;;
Auditorio Chinchilla;España;Chinchilla (Albacete);38.920000;-1.725000;;;NATURCLAD-B;CHIA
Museo de Arte de Aspen;Estados Unidos;Aspen, Colorado;39.193617;-106.816667;2014;Shigeru Ban Architects;NATURCLAD-W;RUSTIK
Puntilla Villarrica;Chile;Villarrica;-39.285700;-72.227900;2018;Mardones;NATURCLAD-W;NUX
PPSI Office;Estados Unidos;Baltimore;39.290400;-76.612200;2017;PPSI;NATURFLOOR-W, NATURPANEL-W;COUNTRY OAK
Remodelling of Baltimore M&T Bank Stadium;Estados Unidos;Baltimore (MD);39.290400;-76.612200;;GENSLER;NATURHARDPANEL-W;DRIFTWOOD
Escuela de música Juilliard en Tianjin;China;Tianjin;39.343400;117.361600;2020;Diller Scofidio / Renfro;NATURCLAD-W, NATURSOFFIT-W;RUSTIK
Tianjin Juilliard School;China;Tianjin;39.343400;117.361600;;DS+R (Diller Scofidio + Renfro);;RUSTIK
Vantone e Tianjin Eco-City Legacy Homes - Cocoon Community Center;China;Tianjin;39.343400;117.361600;;MoChen Architects & Engineers;NATURCLAD-W, NATURHARDPANEL-W;EUCALYPTUS, RUSTIK
Towson University Arena;Reino Unido;Towson;39.401500;-76.601917;;;;
Oficinas Arkosligh;España;Valencia;39.477067;-0.540950;2018;Francesc Rifé Studio;NATURFLOOR-W;AMERICAN WALNUT
Politecnico de Valencia;España;Valencia;39.475700;-0.339600;2012;;NATURCLAD-W;ONIX
Universidad Politecnica de Valencia;España;Valencia;39.475700;-0.339600;;;;
Hotel Melia Palma Bay;España;Mallorca;39.563317;2.665683;;FRANCISCO MANGADO;;
Hotel Naisa;España;Mallorca;39.574317;2.642183;;MARGA ROTGER;;
Palacio de Congresos Palma;España;Mallorca;39.562667;2.665000;2018;Francisco Mangado;NATURFLOOR-W;
Proyecto Palmas;España;Mallorca;39.570000;2.650000;;;NATURCLAD-B;WHITE, BLACK
Hotel Biomar;España;Mallorca;39.577000;3.373000;;;;
Casa en Agia;Grecia;Agia;39.717000;22.758000;2023;iPMA Constructions & Architecture;NATURCLAD-W;RUSTIK
Analysis Group;Estados Unidos;Denver;39.739200;-104.990300;2023;GD Group;NATURFLOOR-W;
Aurora Recreation Center;Estados Unidos;Denver;39.739200;-104.990300;;;NATURCLAD-W;RUSTIK, QUARTZ
Pichoy Airport;Chile;Valdivia;-39.819600;-73.245200;2010;Sergio Ferreira;NATURCLAD-W;RUSTIK
FSU;Estados Unidos;Kansas City;39.099700;-94.578600;2025;Populous;;SAND OAK
Kansas Commerce Center;Estados Unidos;Kansas City;39.099700;-94.578600;2020;;NATURCLAD-B;MUSTARD
POPULOUS (oficinas centrales);Estados Unidos;Kansas City;39.099700;-94.578600;;;;
Sporting KC Training Center;Estados Unidos;Kansas City;39.099700;-94.578600;;POPULOUS;NATURCLAD-W;RUSTIK
Hotel Mirllon;España;Alcudia;39.853167;3.121383;;MARGA ROTGER;;
Birds Nest Olympic Stadium/Chinese national Stadium;China;Beijing;39.904200;116.407400;;ARUP;NATURHARDPANEL-W;RUSTIK
Hotel y Apartamentos Club del Sol;España;Mallorca;39.908000;3.081000;2016;Marga Rotger;NATURFLOOR-W;AMERICAN OAK
Hotel Uyal;España;Puerto Pollensa, Mallorca;39.908000;3.081000;;MARGA ROTGER;;
Pombaldial Dialysis Clinic;Portugal;Pombal;39.916700;-8.633300;2012;;;
New Jersey Camden Prep Copewood;Estados Unidos;Camden, NJ;39.925950;-75.119617;2023;PPSI;NATURCLAD-W;RUSTIC MATTE
Capitol Vista Ankara;Turquía;Ankara;39.933400;32.859700;2016;AW-ARCH;NATURCLAD-W;PALE
Cincinnati Children Hospital;Estados Unidos;Cincinnati;39.103100;-84.512000;2009;DNK;NATURCLAD-W;ONIX
Maple Lawn Office Building;Estados Unidos;Fulton, MD;39.150900;-76.923000;2023;PPSI;NATURHARDPANEL-W, NATURSKININT-W;SAND OAK
Dian;Colombia;Bogota;4.609717;-74.081750;2013;Carlos Alfonso D’az;NATURCLAD-W;RUSTIK
Hogar Gerontolgico HG;Colombia;Bogota;4.711000;-74.072100;2016;R+B Diseño Experimental;NATURCLAD-W;PALE
Sala Vip Avianca  - El Dorado International Airport;Colombia;Bogota;4.711000;-74.072100;2018;Frances Rife Studio;NATURPANEL-W, NATURSKININT-W, NATURHARDPANEL-W;AMERICAN WALNUT
Titan Plaza;Colombia;Bogota;4.711000;-74.072100;2010;;NATURCLAD-W;AMBAR
Casa 52;Colombia;Bogotá;4.711000;-74.072100;2016;;NATURCLAD-W;RUSTIK
Aravaca Innovation Lab;España;Madrid;40.458767;-3.784700;2021;Studio Banana;NATURCLAD-W;QUARTZ, RUBI
Centro de Salud Carabanchel Alto;España;Madrid;40.361550;-3.754317;;ABPOAM Estudio;;
Centro de Salud Navalcarnero II;España;Madrid;40.290567;-4.006050;;ABPOAM Estudio;;
Centro de Salud Sevilla La Nueva;España;Madrid;40.348517;-4.023183;;ABPOAM Estudio;;
Edificio de la ONCE;España;Madrid;40.463000;-3.682000;2012;;NATURCLAD-W;ONIX
ESNE;España;Madrid;40.453000;-3.683000;;;;
Fernán Gómez Centro Cultural de la Villa;España;Madrid;40.424950;-3.689867;2020;Arquitecto Municipal Madrid;NATURFLOOR-W;BEECH
Hotel IBIS Vallecas;España;Madrid;40.372300;-3.640650;;;NATURFLOOR-W;CARAMEL BAMBOO
Hotel Melia Castilla;España;Madrid;40.461383;-3.692100;;;;
Hotel Nobu Madrid;España;Madrid;40.417817;-3.698433;;ESTUDIO CARAMBA. Promotor: MILLENIUM;NATURFLOOR-W;AMERICAN OAK / AMERICAN WALNUT
Madrigal 16;España;Madrid;40.483000;-3.727000;;Bueso, Inchausti, Rein;;
Residencial Arroyofresno;España;Madrid;40.492333;-3.726000;2017;Bueso, Inchausti, Rein;NATURCLAD-W;RUSTIK
Silken Puerta América Hotel;España;Madrid;40.440683;-3.670117;;JEAN NOUVEL;;
Viviendas de alquiler social SFJ6;España;Madrid;40.387000;-3.666000;2023;MARMOLBRAVO / MADhel;NATURCLAD-W;RUSTIK
Centro Comercial la Gavia Madrid;España;Madrid;40.416800;-3.703800;2008;CallisonRKTL/Cabeza y Sastre;;
Sercotel Encen Golf;España;Alcala de Henares;40.482050;-3.359967;;JUAN IGNACIO HERRERO - MIGUEL çNGEL CIGANDA;;
Centro de Salud Beteta;España;Beteta (Cuenca);40.572000;-2.075000;;ABPOAM Estudio;;
Baotou Vanke;China;Baotou;40.651600;109.843883;2021;ZAP Associates LLC;NATURCLAD-W;RUSTIK
Bayukan Vanke Exhibition Center;China;Bayukan;40.668000;122.232000;;;NATURCLAD-W;RUSTIK
On The Hill;Estados Unidos;Great Neck;40.681483;-73.399833;2019;Narofsky Architecture;NATURCLAD-W;AMBAR
L Avenue Restaurant (Saks 5th Ave);Estados Unidos;New York;40.712800;-74.006000;2019;Gensler;NATURFLOOR-W;AMERICAN OAK
Pace University;Estados Unidos;New York;40.712800;-74.006000;2023;Artexture+;NATURHARDPANEL-W;AMERICAN WALNUT
Via Verde;Estados Unidos;New York;40.712800;-74.006000;2012;Grimshaw + Dattner Architects;NATURCLAD-W;PALE, NUX, ONIX
Restaurante L’Avenue en Saks Fifth Avenue;Estados Unidos;Nueva York;40.712800;-74.006000;2019;Jean-Louis Costes / Philippe Starck;NATURFLOOR-W;AMERICAN OAK
Asturia Hotel;Estados Unidos;Manhattan;40.714267;-74.005967;;;NATURCLAD-W;RUSTIK
Newark Liberty International Airport Terminal A;Estados Unidos;Newark (New Jersey);40.735667;-74.172367;2021;Grimshaw New York;NATURHARDPANEL-W;BEECH
Clifside residence;Estados Unidos;Port Washington;40.825667;-73.698183;2021;Narofsky Architecture;NATURCLAD-W;RUSTIK
The New Valley Hospital;Estados Unidos;Paramus, MD;40.964933;-74.071733;2023;PPSI;NATURHARDPANEL-W;MUSTARD OAK
Escuela Fairchild Wheeler;Reino Unido;Bridgeport;41.179233;-73.189450;;JCJ Arquitectura;;
Vivienda en Sitges;España;Sitges;41.237000;1.805900;2026;OJINAGA / Roser Casals;;GREY EUCALYPTUS, AMERICAN WALNUT
Boehringer Ingelheim;Estados Unidos;Ridgefield;41.282000;-73.498000;2015;;NATURCLAD-W;PALE
Brandt-Nantucket;Estados Unidos;Massachusetts;41.283000;-70.099000;2023;GD Group;NATURFLOOR-W;EUCALYPTUS
East Rock School;Reino Unido;New Haven;41.308150;-72.928167;;;;
Ambulatorio St Esteve Sesrovires;España;Barcelona;41.485000;1.870000;;;NATURFLOOR-W, NATURPANEL-W;CARAMEL BAMBOO
Ayre Hotel Gran Via;España;Barcelona;41.381000;2.134000;;RAHOLA VIDAL ARQUITECTES;;
Barceló Sants Hotel;España;Barcelona;41.379500;2.144000;;CARLES GRAUCHES;;
Casino Barcelona;España;Barcelona;41.396000;2.213000;2016;;NATURHARDPANEL-W, NATURSKINEXT-W;RUSTIK
Centro Comercial Diagonal Mar;España;Barcelona;41.407000;2.227000;;;NATURFLOOR-W, NATURPANEL-W;
Clinica Barraquer - Barcelona;España;Barcelona;41.393000;2.153000;2025;Pinearq;;EUROPEAN ASH
Colegio Sagrado Corazon;España;Barcelona;41.387000;2.121000;2017;Alfonso Morales Comella;NATURCLAD-W;RUSTIK
Edificio UPC Diagonal Barcelona;España;Barcelona;41.387000;2.113000;2015/16;;;
Hospital de Barcelona;España;Barcelona;41.391000;2.144000;;;NATURFLOOR-W, NATURHARDPANEL-W, NATURSKININT-W;BAMBOO
Hotel EXE Plaza Catalunya;España;Barcelona;41.385000;2.174000;2016;;NATURPANEL-W, NATURSKININT-W, NATURHARDPANEL-W;BAMBOO
Hotel Kimpton Vividora;España;Barcelona;41.388000;2.174000;2020;El Equipo Creativo;NATURFLOOR-W;AMERICAN OAK
Hotel OD Barcelona;España;Barcelona;41.395000;2.169000;2017;Victor Rahola y Aguadaf;NATURFLOOR-W, NATURPANEL-W, NATURSKININT-W;CARAMEL BAMBOO
Hotel Portafira;España;Barcelona;41.363000;2.119000;;;;
Hotel Pulitzer Barcelona;España;Barcelona;41.386000;2.168000;;LAZARO ROSA VIOLIN;;
Restaurante Koma;España;Barcelona;41.396000;2.156000;2018;;NATURFLOOR-W, NATURPANEL-W, NATURSKININT-W;AMERICAN WALNUT
Museo Marítimo Barcelona;España;Barcelona;41.380333;2.178000;2015/16;Vicky Ocaña Díaz;;
Nova Aliança Clinic;España;Barcelona;41.402000;2.134000;;;;
Parc Cientific Barcelona;España;Barcelona;41.382000;2.150000;2005;2bmfg;NATURCLAD-W;PALE, RUBI, ANTRA
Prefab House Changeover;España;Barcelona;41.390000;2.170000;;Test;NATURCLAD-B;RED
Private Residence (Entre 2 Bóvedas);España;Barcelona;41.388000;2.172000;2022;Twobo;NATURFLOOR-W;COUNTRY OAK
Residencia Privada en Barcelona;España;Barcelona;41.390000;2.170000;2022;Twobo;NATURFLOOR-W;COUNTRY OAK
Restaurante ARKO;España;Barcelona;41.385000;2.170000;2024;CODI - Carmina Orgué Disseny d' interiors;NATURFLOOR-W, NATURHARDPANEL-W;AMERICAN WALNUT 
Sagrat Cor Sarria (Colegio Sagrado Corazon);España;Barcelona;41.387000;2.121000;;;;
Sant Joan de Deu Pediatric Cancer Center Barcelona;España;Barcelona;41.378000;2.100000;2022;Pinearq;NATURFLOOR-W, NATURPANEL-W, NATURHARDPANEL-W;BAMBOO
Universidad Politécnica de Cataluña;España;Barcelona;41.387000;2.113000;;Vicky Ocaña Díaz;;
W Barcelona Hotel;España;Barcelona;41.372000;2.196000;;RICARDO BOFILL;;
Tradition Energy Headquarters;Estados Unidos;Stamford;41.053433;-73.538733;;Meg Matyia;;
Estacion AVE Zamora;España;Zamora;41.503500;-5.744500;2012;;NATURCLAD-W;AMBAR
Bodegas Cepa 21;España;Castrillo de Duero (Valladolid);41.575000;-4.015000;;BSA Proyecta – Int.: TGA+Asociados – Javier Machimbarrena;NATUHARDPANEL-W;MAPLE
Polk County Justice Center;Estados Unidos;Des Moines;41.600533;-93.609117;2019;OPN Architects;NATURCLAD-W;RUSTIK
C.E.I.P. Rosales del Canal;España;Zaragoza;41.627000;-0.923000;2015;MagŽn Arquitectos;NATURCLAD-W;RUBI
Colegio Rosales del Canal;España;Zaragoza;41.627000;-0.923000;;Magen Arquitectos;;
San Juan Older Center;España;Valladolid;41.652300;-4.724500;;;;
Johnson County Ambulance Service;Estados Unidos;Iowa;41.661133;-91.530167;;;;
Leepfrog Technologies;Estados Unidos;Coralville;41.676400;-91.580450;2017;ASK Studio;NATURCLAD-W;RUSTIK
Fulton East;Estados Unidos;Chicago;41.878100;-87.629800;2021;Lamar Johnson Collaborative;NATURCLAD-W;RUSTIK
UNO Galewood Charter School;Estados Unidos;Chicago;41.878100;-87.629800;2013;UrbanWorks, Ltd.;NATURCLAD-W;PALE
Kankakee Community College;Estados Unidos;Kankakee;41.120033;-87.861150;2013;Dunne + Kozlowski;NATURCLAD-W;RUBI
Medical Office Building;Reino Unido;Framingham;42.279267;-71.416167;;;;
Sunita L. Williams Elementary School;Estados Unidos;Needham, MA;42.283433;-71.232833;2019;Dore + Whittier;NATURCLAD-W;RUSTIK
Garham Residence;Estados Unidos;Michigan;42.331000;-83.046000;;;NATURCLAD-W;RUSTIK MATTE
Klein Residence;Estados Unidos;Michigan;42.331000;-83.046000;2022;;NATURCLAD-W;NUX
Residencia Graham;Estados Unidos;Michigan;42.331000;-83.046000;2023;;NATURCLAD-W;RUSTIK MATTE
The Klein Residence;Estados Unidos;Michigan;42.331000;-83.046000;2023;;NATURCLAD-W;NUX
Zurich: sede norteamericana;Estados Unidos;Schaumburg, Illinois;42.033367;-88.083417;2016;Goettsch Partners;NATURCLAD-W;RUSTIK
MIT - Massachussets Institute of Technology;Estados Unidos;Cambridge, MA;42.360000;-71.094000;;Anmahian Winton Architects;NATURCLAD-W, NATURFLOOR-W, NATURHARDPANEL-W;RUSTIK, COPPER OKUME
Massachusetts Institute of Technology MIT;Estados Unidos;Cambridge, Massachusetts;42.360000;-71.094000;2023;Anmahian Winton Architects;NATURCLAD-W, NATURPANEL-W, NATURFLOOR-W;RUSTIK, COPPER OKUME
Apigain;Estados Unidos;Boston;42.360100;-71.058900;2023;GD Group;NATURFLOOR-W;
Harvard Bookstore;Estados Unidos;Boston;42.360100;-71.058900;2022;GD Group;NATURFLOOR-W;SAND OAK
Hotel Revere Boston;Reino Unido;Boston;42.360100;-71.058900;;Cambridge Seven  Associates, Inc.;;
Centro comunitario de botes de remo Harry Parker;Estados Unidos;Boston, MA;42.360100;-71.058900;2008;Anmahian Winton Architects;NATURCLAD-W;PALE
Cunniff & Hosmer (Elementary);Estados Unidos;Watertown, MA;42.370933;-71.182833;2020;Ai3 Architects;NATURCLAD-W;COPPER
Moderna;Estados Unidos;Cambridge;42.373600;-71.109700;2022;GD Group;NATURFLOOR-W;SAND OAK
Harvard Library;Estados Unidos;Cambridge, MA;42.373600;-71.109700;;;NATURFLOOR-W;SAND OAK
Oficinas B-Flexion Cambridge;Estados Unidos;Massachussets;42.373600;-71.109700;2023;Visnick + Caulfield Associates;NATURFLOOR-W;AMERICAN WALNUT
Arlington High School;Estados Unidos;Massachusetts;42.415000;-71.157000;2023;DSI;NATURFLOOR-W;SAND OAK
Ascension Providence Park Hospital;Estados Unidos;Novi, MI;42.480583;-83.475483;;;NATURCLAD-W;RUBI
Bujanda Winery-Vi–a Bujanda;España;Oyon (La Rioja);42.505000;-2.436000;2020;IDOM;NATURFLOOR-W, NATURPANEL-W,  NATURSKININT-W;SAND OAK
Centro Comercial EO;Andorra;Andorra;42.506300;1.521800;2026;BATLE ARQUITECTE;NATURCLAD-B;ANISE
Hotel Marques de Riscal;España;Elciego (La Rioja);42.511617;-2.618017;;FRANK O. GHERY - CÉSAR CAICOYA;;
Sercotel Hola Tafalla;España;Tafalla;42.527000;-1.674000;;LORENA-PORTILLO ARQUITECTOS;;
Hotel Val de Neu;España;Baqueira;42.698000;0.933000;;;;
Gran Hotel La Perla;España;Pamplona;42.817683;-1.642600;;JAVIER MARTêNEZ OROQUIETA;;
Hotel Maisonnave;España;Pamplona;42.816000;-1.649000;;;;
Navarran Government Press Room;España;Pamplona;42.816000;-1.639000;;Javier Barcos Berruezo – Manolo Enríquez Jiménez;NATURPANEL-W, NATURFLOOR-W;AMERICAN WALNUT
Polideportivo Buztintxuri Sport Hall;España;Pamplona;42.830400;-1.667750;;OM ARQ S.L.P., NAVEN Ingenier’a de Instalaciones, Magdalena Bengoechea Felipe;NATURHARDPANEL-W;AMERICAN OAK
SUNY Binghamton (State University of New York);Estados Unidos;Binghamton, NY;42.098683;-75.917967;;;NATURPANEL-W;CARAMEL BAMBOO
Museo de las Peregrinaciones y de Santiago;España;Santiago de Compostela;42.880517;-8.545683;2012;Manuel Gallego;NATURFLOOR-W, NATURPANEL-W;BEECH
CHU Foix;Francia;Foix;42.965300;1.607000;2022;;NATURCLAD-W;RUSTIK
Construction of Lezama Iribar Buildin;España;Lezama;43.027000;-2.973000;;IDOM;NATURCLAD-W;RUSTIK
Athletic Club Lezama;España;Lezama (Bilbao);43.027000;-2.973000;;KREAN;NATURCLAD-W;RUSTIK
Landako Municipal Swimming pool;España;Durango;43.169100;-2.632700;;AWEN ARQUITECTOS;NATURHARDPANEL-W;AYOUS
Private Residence in Durango;España;Durango;43.169100;-2.632700;2017;;NATURFLOOR-W;AMERICAN WALNUT
Centro Cultural Aita Agire;España;Elgoibar;43.216000;-2.413300;;;;
Café Wikiwan Tarbes Airport;Francia;Tarbes;43.232700;0.078100;2012;+33 Architectes;NATURFLOOR-W, NATURPANEL-W;EUCALYPTUS, GREY QUERCUS
Centre Hospitalaire de Bigorre;Francia;Tarbes;43.232700;0.078100;2016;;;
Complejo Medioambiental de Gipuzkoa;España;Urnieta;43.247000;-1.991000;2019;Krean;NATURCLAD-B, NATURFLOOR-W, NATURPANEL-W;CINDER, AMERICAN OAK, BAMBOO
Campo Volantin;España;Bilbao;43.266717;-2.927167;;;;
Geuria! - VIP Area of San Mames >Barria Soccer Stadium;España;Bilbao;43.264867;-2.948683;;VERNO ARQUITECTURA;NATURPANEL-W;AMERICAN OAK
Hotel Tayko;España;Bilbao;43.258000;-2.926383;;ANGULO ARQUITECTURA (Borja Angulo);;
IDOM Engineering Company Headquarters;España;Bilbao;43.266000;-2.934000;2014;ACXT;NATURFLOOR-W, NATURPANEL-W;CARAMEL BAMBOO
Museo Guggenheim;España;Bilbao;43.268617;-2.933883;1997;Cesar Caicoya/frank Gehry;;
Private Residence in Bilbao (Bertendona Street);España;Bilbao;43.261500;-2.926000;2018;VERNO (https://www.verno.es/);NATURFLOOR-W;AMERICAN WALNUT
Sercotel Coliseo;España;Bilbao;43.260117;-2.930817;;VERNO ARQUITECTURA;;
Orona Headquarters;España;Hernani (Gipuzkoa);43.266150;-1.976150;2014;Barru Arkitektura;NATURFLOOR-W, NATURPANEL-W;EUCALYPTUS
Hotel Spaz Sezz Saint Tropez;Francia;Saint Tropez;43.267000;6.640000;2010;Christophe Pillet;NATURHARDPANEL-W;AMERICAN WALNUT
Hotel Sezz Saint-Tropez;Francia;Saint-Tropez;43.267700;6.640700;2010;Christophe Pillet;NATURHARDPANEL-W;AMERICAN WALNUT
Landaburu Borda Country House;España;Bera, Navarra;43.280300;-1.686600;2019;Jordi Hidalgo Tané;NATURFLOOR-W, NATURHARDPANEL-W, NATURPANEL-W, NATURSKININT-W;COUNTRY OAK
Mariñelak;España;Getaria;43.303200;-2.204400;2015;;NATURCLAD-W;RUSTIK
Clinica Unea;España;Errenteria;43.311950;-1.902333;2020;;NATURCLAD-W, NATURFLOOR-W;RUSTIK, WHITE AMERICAN OAK
UNEA Multidisciplinary Clinic;España;Errenteria (Gipuzkoa);43.311950;-1.902333;;;NATURFLOOR-W, NATURCLAD-W;AMERICAN OAK, RUSTIK
GOe Gastronomy Open Ecosystem;España;Donostia - San Sebastian;43.321000;-1.958000;2025;BAT Architecture / BIG Bjarke Ingels Group;Naturfloor-W, Naturpanel-W;SAND OAK
Escuela Aldapeta Maria Ikastetxea;España;Donostia - San Sebastián;43.315000;-1.987000;2019;IDOM;;RUSTIK
Bar Rojo y Negro;España;Donostia - San Sebastián;43.319000;-1.981000;2015;;NATURFLOOR-W;EUCALYPTUS
BCC - Basque Culinary Center;España;Donostia - San Sebastián;43.302000;-1.970000;2014;VAUMM;NATURFLOOR-W, NATURPANEL-W;EUCALYPTUS
Gym Real Club de Tenis de San Sebastian (Ondarreta);España;Donostia - San Sebastián;43.316000;-2.007000;;;NATURFLOOR-W;EUCALYPTUS
Hegalak Sports Center;España;Donostia - San Sebastián;43.319000;-1.985000;;Fiark Arquitectos;NATURFLOOR-W;EUCALYPTUS
Hospital Universitario de Donostia;España;Donostia - San Sebastián;43.292583;-1.970483;;;;
Hotel Arbaso;España;Donostia - San Sebastián;43.317800;-1.981533;2021;Fiark Orrico&Ania;NATURFLOOR-W;COUNTRY OAK
Hotel Bellas Artes;España;Donostia - San Sebastián;43.313983;-1.980500;;;NATURFLOOR-W;AMERICAN WALNUT
Hotel Ezeiza;España;Donostia - San Sebastián;43.316300;-2.004683;;;;
Hotel Nobu San Sebastian;España;Donostia - San Sebastián;3.314183;-1.993733;2023;Tomás Alía (Estudio Caramba);NATURFLOOR-W;SAND OAK
Mandragora Beer House;España;Donostia - San Sebastián;43.320000;-1.982000;2017;ATICA7;NATURFLOOR-W;EUCALYPTUS
Onkologikoa;España;Donostia - San Sebastián;43.290900;-1.973683;;;NATURHARDPANEL-W;SAND OAK
Piso Edificio Sancho el Sabio;España;Donostia - San Sebastián;43.307000;-1.981000;2017;;NATURFLOOR-W, NATURPANEL-W;COUNTRY OAK
Remodelling of Zubieta XXI;España;Donostia - San Sebastián;43.276000;-2.015000;;IZASKUN LARZABAL;NATURHARDPANEL-W;BEECH
Villa en Atotxa-Erreka;España;Donostia - San Sebastián;43.287000;-1.942000;2016;Izaskun Larzabal;NATURFLOOR-W;EUCALYPTUS
Zaldibia Town Hall;España;Zaldibia;43.038000;-2.151000;2018;;NATURCLAD-W;RUSTIK MATTE
Polideportivo de Beasain;España;Beasain;43.047000;-2.204000;;;NATURPANEL-W;MAPLE
Hotel Atalaia;España;Irun;43.339000;-1.789400;2014;;;
Bureaux Behobie;España;Irún;43.339000;-1.789400;;Arch.: Angel de la Hoz;;
Hotel Jauregui;España;Hondarribia;43.368500;-1.796000;;;;
Hotel Jaizkibel;España;Hondarribia;43.368500;-1.796000;;;;
Hospital de Urduliz - Alfredo Espinosa;España;Urduliz (Bizkaia);43.379000;-2.957000;;;;
Sede Rainbow Group;Italia;Loreto, Ancona;43.438600;13.607900;2018;Studio Bianchi;NATURCLAD-W;RUSTIK
Valdecilla Hospital;España;Santander;43.462300;-3.809900;2017;;NATURFLOOR-W, NATURPANEL-W, NATURSKININT-W;EUCALYPTUS
Hospital Universitario Marques de Valdecilla;España;Valdecilla (Cantabria);43.465883;-3.804933;;;NATURFLOOR-W, NATURHARDPANEL-W;EUCALYPTUS
Lazaridis Hall, Universidad Wilfrid Laurier;Canada;Ontario;43.473000;-80.530000;2018;David Thompson / Diamond Schmitt;NATURCLAD-W;RUSTIK
Lizaridis Hall, Universidad Wilfrid Laurier;Canada;Ontario;43.473000;-80.530000;2018;David Thompson/Diamond Schmitt;NATURCLAD-W;RUSTIK
Arama Town Hall;España;Arama;43.064000;-2.165000;2015;;NATURCLAD-W;ONIX
Juan Arzamendi Musika Etxea;España;Arrasate - Mondragon;43.064417;-2.489767;2021;Krean;NATURCLAD-W;RUSTIK
Sede Central Laboral Kutxa;España;Mondragón;43.064417;-2.489767;;Krean;;AMERICAN OAK
Iglesia Crossway;Nueva Zelanda;Christchurch;-43.532100;172.636200;2010;;NATURCLAD-W;RUSTIK, NUX
Fendalton New World;Nueva Zelanda;Christchurch;-43.532100;172.636200;2010;McCoy Wixon Architects;NATURCLAD-W;RUSTIK
Acuario de Gijón;España;Gijon;43.532200;-5.661100;2013;Estudio Planchuelo;NATURCLAD-W;RUSTIK
CHU Grau du Roi;Francia;Grau du Roi;43.538000;4.136000;2016;;NATURCLAD-W;RUSTIK
Restaurant Loco;Francia;Cannes;43.552800;7.017400;Antiguo;;NATURFLOOR- W NATURPANEL - W;ZEBRANO
Mississauga BRT;Canada;Mississauga;43.589000;-79.644100;2017;IBI Group;NATURCLAD-W;PALE
UTM Library;Canada;Mississauga;43.589000;-79.644100;2006;Shore Tilbe Irwin Architects;NATURCLAD-W;RUSTIK
Centre Hospitalier Intercommunal Castres-Mazamet;Francia;Castres;43.605900;2.240000;2010;;NATURCLAD-W;
Villa Capbreton;Francia;Capbreton;43.642000;-1.432000;2021;;NATURCLAD-W;RUSTIK
Manning Toronto;Canada;Toronto, ON;43.653200;-79.383200;;;;ONIX
Firestation 14;Estados Unidos;Madison;43.073050;-89.401233;2019;OPN Architects;NATURCLAD-W;RUSTIK
Les Jardins Exotiques de Monaco;Francia;Monaco;43.738400;7.424600;2022;;NATURCLAD-W;SILVER
Logements Baie Marquet;Francia;Monaco;43.738400;7.424600;2008;;NATURCLAD-W;ONIX
Johnsonville;Estados Unidos;Wisconsin;43.774000;-87.939000;2018;;NATURCLAD-W;ONIX
Vermont Law School;Reino Unido;South Royalton;43.820000;-72.519000;;;;
Grau du Roi University Hospital;Francia;N”mes;43.837000;4.360000;;;;
Centro Comercial Borgo Mascarella;Italia;Bologna;44.494900;11.342600;2023;Antonio Iascone;NATURCLAD-W;RUSTIK
Villa Lacanau;Francia;Mende;44.518000;3.501000;2023;;NATURCLAD-W;RUSTIK MATTE
SUNY Potsdam Kellas Hall;Estados Unidos;Potsdam, NY;44.670000;-74.981300;2018;DSI;;CHERRY
SUNY Potsdam (State University of New York);Estados Unidos;Potsdam, NY;44.670000;-74.981300;;;NATURHARDPANEL-W;CHERRY
Palacio de justicia;Reino Unido;Salem;44.942900;-123.035100;;;;
Minneapolis Public Service Building;Estados Unidos;Minneapolis;44.977800;-93.265000;2020;Henning Larsen + MSR Design;NATURFLOOR-W;BAMBOO
New tecumseth New Municipal Admin Centre;Estados Unidos;Alliston, ON;44.150117;-79.866350;2023;Sound Solutions;NATURHARDPANEL-W;AYOUS
Maison Symphonique;Canada;Montreal;45.501700;-73.567300;2011;Diamond Schmitt;NATURCLAD-W;RUSTIK
Modular Offices;Canada;Montreal;45.501700;-73.567300;2024;;;
École secondaire d'Anjou;Canada;Montréal, QC;45.501700;-73.567300;;;;CARAMEL BAMBOO
Complexe Aquatique Mirabel;Estados Unidos;Montereal;45.508833;-73.587817;2023;Sound Solutions;NATURHARDPANEL-W;WHITE QUERCUS
Maine Health MOB ;Estados Unidos;Portland;45.523450;-122.676217;;;;
Retail Center;Reino Unido;Portland;45.523450;-122.676217;;;;
PCC Opportunity Center 42ND Avenue;Estados Unidos;Portland, OR;45.523450;-122.676217;2023;BORA architects;NATURCLAD-W;RUSTIK
MMC Vancouver;Estados Unidos;Vancouver;45.638700;-122.661500;2023;GD Group;NATURFLOOR-W;NORDIC ASH
Campus Orange;Francia;Lyon;45.764000;4.835700;2019;;NATURFLOOR-W, NATURPANEL-W, NATURSKININT-W;CARAMEL BAMBOO
Capus orange;Francia;Lyon;45.764000;4.835700;2019;Hardel Le Bihan Architects / Hubert Godet Architectes;NATURFLOOR-W, NATURPANEL-W;CARAMEL BAMBOO
Hotel de Région Rhone Alpes;Francia;Lyon;45.764000;4.835700;2011;Christian de Portzamparc;NATURHARDPANEL-W;AMERICAN OAK
Hotel des Régions;Francia;Lyon;45.764000;4.835700;;Christian de Portzamparc;NATURPANEL-W;RED OAK
Novotel Lyon Confluences Atome;Francia;Lyon;45.764000;4.835700;2011;;;
Residencia Privada en Varese;Italia;Varese;45.820600;8.825100;2012;Franzetti primi Architetti Associati;;RUSTIK
Casa en Baysville;Canada;Ontario;45.147000;-79.117000;2019;Wallman Architects;NATURCLAD-W;RUSTIK
Casa en Baysville;Canada;Ontario;45.147000;-79.117000;2019;Wallman Architects;NATURCLAD-W;RUSTIK
Residencia de ancianos Les Marroniers / Yverdon-Les-Bains;Suiza;Chêne-Bougeries;46.198000;6.186000;2024;Trinka Architects;;AMERICAN OAK
6 villas en Ginebra;Suiza;Ginebra;46.204400;6.143200;2024;ABC Architectes;NATURCLAD-B;CHIA
Banco Rothschild;Suiza;Ginebra;46.204400;6.143200;;CCHE;;
Hotel Geneve City;Suiza;Ginebra;46.204400;6.143200;;DZ Architectes;NATURFLOOR-W;
Casa privada en Ginebra;Suiza;Ginebra;46.204400;6.143200;2022;Hayward;;RUSTIK WALNUT
Villas en Ponte di Legno;Italia;Ponte di Legno;46.258000;10.510000;;;;
Complejo de Villas Sexteur Lutry;Suiza;Lausana;46.519700;6.632300;2022;SwissRoc;;CINDER
Hotel la Paix;Suiza;Lausana;46.519700;6.632300;;Arcature;NATURFLOOR-W;AMERICAN WALNUT
Centre Aquarique de Mirabel;Canada;Quebec City;46.813900;-71.208000;;Poirier Fontaine Architectes Inc.;NATURHARDPANEL-W;WHITE QUERCUS
Le Monastere des Augustines;Canada;Quebec City;46.813900;-71.208000;2015;ABCP ARCHITECTURE;NATURCLAD-W, NATURHARDPANEL-W;RUSTIK
Veuve Ambal Winery;Francia;Montagny-ls-Beaune;46.992000;4.852000;2015;Philippe Guilloux;NATURCLAD-W;PALE
Clinica de Grand-Saleve;Suiza;Veyrier;46.166000;6.185000;2017;;NATURFLOOR-W;COUNTRY OAK
Auditorium Rézé Rudi Riccioti;Francia;Nantes;47.218400;-1.553600;2015;Rudi Riccioti;NATURCLAD-W;AMBAR
Hotel Newstar;Suiza;St. Gallen;47.424500;9.376700;2017;Prim Architektur;NATURCLAD-W;RUSTIK
Pence Union Building (Eastern Washington University);Reino Unido;Cheney;47.491300;-117.578700;;Perkins&Will;;
Pence Union Building;Estados Unidos;Cheney, Washington;47.491300;-117.578700;2018;;;AMERICAN OAK
Reddy Kilowatt Credit Union;Canada;Mount Pearl;47.518900;-52.805800;2010;;NATURCLAD-W;PALE
Life Sciences Building, Universidad de Washington;Estados Unidos;Seattle, WA;47.606200;-122.332100;2018;Perkins+Will;NATURCLAD-W;RUSTIK
Seattle Orthopedic Center;Reino Unido;Seattle;47.606217;-122.332067;;;;
Banque Postale Olivet;Francia;Olivet;47.863000;1.900000;2023;;NATURCLAD-W;RUSTIK
Creche Saint- Yon;Francia;Saint- Yon;48.568000;2.191000;2023;Quatro Architecture;NATURCLAD-W;RUSTIK
Maier Zimmerei;Alemania;Schlat;48.653200;9.706300;;;NATURCLAD-W;RUSTIK
Lycée de Montgeron;Francia;Montegnon;48.705433;2.450383;2010;Epicuria architects;;
ISB Interdisciplinary Sciences Building (Western Washington University);Reino Unido;Bellingham;48.759550;-122.488217;;Perkins&Will;;
Les Carrés Nature;Francia;Sceaux;48.776433;2.290267;2011;Bouygues;NATURCLAD-W;RUSTIK
Villa Salomé;Francia;Sceaux;48.776433;2.290267;2010;;NATURCLAD-W;RUSTIK
Pole scolaire Jean Mermoz;Francia;Vélizy;48.781983;2.193950;2012;;NATURCLAD-W;
Centre de Loisirs;Francia;Vitry;48.787167;2.403317;2019;;NATURCLAD-W;
Immeuble Carrefour ;Francia;Bagneux;48.795650;2.307967;2009;Cenci & Jacquot;NATURCLAD-W;RUSTIK
ZAC des Coteaux de la Marne;Francia;Chennevières-sur-Marne;48.797017;2.540467;2023;Galiano & Simon;;RUSTIK
Logements Hopital Percy;Francia;Clamart;48.802983;2.266917;2014;DA;NATURCLAD-W;RUSTIK
Immeuble Habitation;Francia;Charenton-le-Pont.;48.822000;2.413000;2010;Taro;NATURCLAD-W;AMBAR
Lycee Robert Schuman;Francia;Charenton;48.822083;2.412167;2008;ƒpicuria Architectes;NATURCLAD-W;ONIX
Oficinas Nida;Francia;Issy Coeur de Ville;48.824000;2.273000;2022;RAAM;NATURFLOOR-W;AMERICAN OAK
Immeuble collectif;Francia;Boulogne Billancourt;48.835000;2.242000;;Lipsky + Rollet architectes;;COPPER
Logements 3;Francia;Boulogne-Billancourt;48.835450;2.241283;2011;Brenac et Gonzalez;NATURCLAD-W;RUSTIK
Elyps ˆ Fontenay-sous-Bois;Francia;Fontenay-sous-Bois;48.854417;2.482683;2018;BDVA architectes;NATURCLAD-W;RUSTIK
ALJT;Francia;Paris;48.856600;2.352200;2010;Hors Limite;NATURCLAD-W;ONIX
Altarea HQ;Francia;Paris;48.856600;2.352200;2020;WILMOTTE & ASSOCIÉS;NATURFLOOR-W;SAND OAK
Atrium Lumiere;Francia;Paris;48.856600;2.352200;2024;RAAM;Naturfloor-W, Naturpanel-W;SAND OAK
AWA By Copacabanon (Villa Medici);Francia;Paris;48.856600;2.352200;2023;Copacabanon / Nelson Willmotte;NATURCLAD-B, NATURFLOOR-W, NATURPANEL-W, NATURSKININT-W, NATURHARDPANEL-W;BLACK, SAND OAK
Bureaux Belles Feuilles;Francia;Paris;48.856600;2.352200;2022;DTACC;NATURFLOOR-W;EUCALIPTUS
Bureaux The Light house;Francia;Paris;48.856600;2.352200;2020;Dragon Rouge;NATURFLOOR-W;AMERICAN OAK
Business Center by Comet Bourse;Francia;Paris;48.856600;2.352200;2020;RAAM;NATURFLOOR-W, NATURPANEL-W;COUNTRY OAK, AMERICAN OAK
Cabanne Chaffik (Prototype);Francia;Paris;48.856600;2.352200;2021;Chaffik Studio;NATURFLOOR-W, NATURHARDPANEL-W;AMERICAN OAK, MIDNIGHT OAK
Campus PSG;Francia;Paris;48.856600;2.352200;2021;Wilmotte & AssociŽs;NATURFLOOR-W;AMERICAN OAK
Centre d'Affaires Washington Plaza;Francia;Paris;48.856600;2.352200;2015;DTACC;NATURFLOOR-W;AMERICAN WALNUT
Cinéma UGC;Francia;Paris;48.856600;2.352200;Antiguo;;;
Comet Workplaces;Francia;Paris;48.856600;2.352200;2022;RAAM;NATURFLOOR-W;COUNTRY OAK
Cours Albert premier;Francia;Paris;48.856600;2.352200;2022;Wilmotte & Associés;NATURFLOOR-W;
Disney's Sequoia Lodge;Francia;Paris;48.856600;2.352200;;;NATURSKININT-W, NATURFLOOR-W;WALNUT
ENSAE (École Nationale de la Statistique et de l'Administration Économique);Francia;Paris;48.856600;2.352200;;;;NORDIC ASH
Fondation Palladio;Francia;Paris;48.856600;2.352200;2020;RAAM;NATURFLOOR-W;NORDIC ASH
Grand Opera;Francia;Paris;48.856600;2.352200;2023;Wilmotte & Associés;NATURFLOOR-W;SAND OAK
Halls entrée Résidence Étudiante  Ladoumègue Porte de Pantin;Francia;Paris;48.856600;2.352200;Antiguo;Ofis;NATURHARDPANEL-W;NATURHARDPANEL-W
Hotel Best Western Empire Elysees;Francia;Paris;48.856600;2.352200;;;;
Logements 38 rue de Brunel;Francia;Paris;48.856600;2.352200;;;NATURCLAD-W;AMBAR
Logements Rue des Orteaux Paris;Francia;Paris;48.856600;2.352200;2015-2017?;BOB 361 Architectes;NATURCLAD-W;RUSTIK
Logements Rue Pouchet;Francia;Paris;48.856600;2.352200;;ITAR;NATURCLAD-W;
Maison Doutriaux;Francia;Paris;48.856600;2.352200;2023;;NATURCLAD-W;RUSTIK
Maison Palladio;Francia;Paris;48.856600;2.352200;;RAAM; ;
Maison Palladio;Francia;Paris;48.856600;2.352200;2020;RAAM;NATURFLOOR-W;SAND OAK
Musée du Quai Branly;Francia;Paris;48.856600;2.352200;Antiguo;;NATURFLOOR-W;
Offices Belles Feuilles;Francia;Paris;48.856600;2.352200;2022;DTACC;NATURFLOOR-W;AMERICAN OAK
Offices Nida;Francia;Paris;48.856600;2.352200;2022;RAAM;NATURFLOOR-W;AMERICAN OAK
Parisian Gallery;Francia;Paris;48.856600;2.352200;2023;Artefactorylab;NATURCLAD-B;BLACK
Résidence Etudiante Ladoumègue porte de Pantin;Francia;Paris;48.856600;2.352200;2010-2011?;Ofis;NATURHARDPANEL-W;RUSTIK, RED OAK, GRAPHITE
Restaurant Unico;Francia;Paris;48.856600;2.352200;2006;;NATURFLOOR-W;
Sala de prensa Roland Garros;Francia;Paris;48.856600;2.352200;2019;;NATURPANEL-W;CARAMEL BAMBOO
SCNF Paris Conflans;Francia;Paris;48.856600;2.352200;2022;INK Design;NATURFLOOR-W;GRAPHITE
Sige Social Altarea Cogedim;Francia;Paris;48.856600;2.352200;2021;Wilmotte & Associés;NATURFLOOR-W;SAND OAK
Tour GDF Suez La defense;Francia;Paris;48.856600;2.352200;2010;;NATURPANEL-W;RED OAK
Viviendas en Rue Pouchet;Francia;Paris;48.856600;2.352200;2010;ITAR Architectures;NATURCLAD-W;RUSTIK
Washington Plaza Paris;Francia;Paris;48.856600;2.352200;;DTACC;NATURFLOOR-W;AMERICAN WALNUT
The light House;Francia;París;48.856600;2.352200;;RAAM;;
Logements 4;Francia;Bagnolet;48.866667;2.416667;2014;Espaces Libres;NATURCLAD-W;
Pavillon;Francia;Suresnes;48.871433;2.229283;2010;;NATURCLAD-W;ANTRA
Résidence Sénior Ovélia;Francia;Chatou;48.889800;2.158633;2017;;NATURCLAD-W;RUSTIK
Maison Nanterre;Francia;Nanterre;48.892400;2.206600;2008;;NATURCLAD-W;RUSTIK, AMBAR, PALE
Offices The Light House Nanterre;Francia;Nanterre;48.892400;2.206600;2020;Dragon Rouge;NATURFLOOR-W;AMERICAN OAK
Fondation Roguet;Francia;Clichy;48.904100;2.306400;;;;
Ecole Primaire George Valbon;Francia;Bobigny;48.909800;2.450000;2012;Mikou Studio;NATURCLAD-W;
EHPAD Aulagnier;Francia;Asnires-sur-Seine;48.911000;2.285000;2008;;NATURCLAD-W;AMBAR
Extension école Jean Perrin;Francia;Aubervilliers;48.914200;2.382200;2009;;NATURCLAD-W;RUSTIK
Immeuble bureaux Saint Denis;Francia;Saint Denis;48.936000;2.357000;2007;;NATURCLAD-W;RUSTIK
Ecole Kermogard;Francia;Argenteuil;48.947200;2.246700;2013;;;
Ecole St Exupéry;Francia;Andrésy;48.982000;2.058000;2010;Un Architecture;NATURCLAD-W;RUSTIK
Pole Nautique de Mantes la Jolie;Francia;Mantes La Jolie;48.990000;1.721000;2010;;NATURCLAD-W;RUSTIK
Logement et centre de loisir Buchelay;Francia;Mantes;48.990483;1.716700;2018;BDVA, Petit Didier Prioux;NATURCLAD-W;
Ecole Jean Charron;Francia;Saint Brice sous Forêt;49.001000;2.353000;2010;Sansovini Architectes;NATURCLAD-W;AMBAR
Hopital de Taverny;Francia;Taverny;49.025400;2.216900;2010;;NATURCLAD-W;RUSTIK
Hopital Le Parc de Taverny;Francia;Taverny;49.025400;2.216900;;;;
Escuela Superior York House;Canada;Vancouver;49.282700;-123.120700;2013;Acton Ostry Architects;NATURCLAD-W;PALE
Hope Center - Lions Gate Hospital;Canada;Vancouver;49.282700;-123.120700;2015;IBI / HB ARCHITECTS;NATURCLAD-W;RUSTIK
York House School;Canada;Vancouver;49.282700;-123.120700;2013;Acton Ostry Architects;NATURCLAD-W;PALE
Collège François Mauriac;Francia;Louvres;49.044000;2.505000;2010;Studio 4 Architecte /  Atrium architectes;NATURCLAD-W;RUSTIK
Immeuble de Bureaux Le Beauvaisis;Francia;Beauvais;49.433333;2.083333;Antiguo;CALQ;NATURFLOOR-W;EUCALIPTUS
Edificio de viviendas en Sündersbühl;Alemania;Nürnberg;49.452100;11.076700;2018;;NATURCLAD-W;RUSTIK
Stade les Maradas;Francia;Pontoise;49.050900;2.100800;2014;Saadi;NATURCLAD-W;SILVER
Winnipeg Humane Society;Canada;Winnipeg;49.895100;-97.138400;;;;
Les balcons dela Vallée;Francia;Haybes;49.998000;4.704000;2011;;NATURFLOOR-W;BAMBOO NATURAL
Estación de transbordo de Zory;Polonia;Zory;50.045233;18.700617;2019;Laboratorium Architektury;NATURFLOOR-W, NATURPANEL-W;AYOUS
Sede central  - Nowy Styl Group;Polonia;Cracovia;50.064700;19.945000;2019;;NATURCLAD-W, NATURFLOOR-W, NATURHARDPANEL-W;ONIX
University Clinic Giessen and Marburg;Alemania;Giessen;50.584100;8.678400;;;;
Centre Intégré d'Oncologie et Unilab;Belgica;Lieja;50.632600;5.579700;;;;
L'Institut de Cancérologie Arsène Burny (ICAB);Belgica;Lieja;50.632600;5.579700;2017;Archipelago;NATURCLAD-W;RUSTIK
Allington Close, Poole;Reino Unido;Poole;50.715100;-1.987200;;;NATURCLAD-W;
Maxwell Road;Reino Unido;Poole;50.715100;-1.987200;;;NATURCLAD-W;
Orchand Plaza;Reino Unido;Poole;50.715100;-1.987200;;;NATURCLAD-W;
Salterns Way;Reino Unido;Poole;50.715100;-1.987200;;;NATURCLAD-W;
Robert Woodward Academy;Reino Unido;Upper Cokeham;50.828817;-0.322467;;;NATURCLAD-W;
Clappers Lane Fulking;Reino Unido;Fulking;50.888000;-0.226000;;;NATURCLAD-W;
Southampton Wildern School;Reino Unido;Southampton;50.903950;-1.404283;;;NATURCLAD-W;
Student Accom Southampton;Reino Unido;Southampton;50.903950;-1.404283;;;NATURCLAD-W;
Wildern School;Reino Unido;Southampton;50.903950;-1.404283;;;;
Midhurst Academy;Reino Unido;Midhurst;50.986000;-0.740000;;;NATURCLAD-W;
Petersfield;Reino Unido;Petersfield;51.004000;-0.933000;;;NATURCLAD-W;
Centro Banff, edificio Sally Borden;Canada;Alberta;51.178000;-115.570000;2007;Diamond Schmitt;NATURCLAD-W;RUSTIK
Banff Cntr Dining Hall;Canada;Banff;51.178400;-115.570800;2006;Diamond Schmitt;NATURCLAD-W;RUSTIK
Waitrose warminster;Reino Unido;Warminster;51.204333;-2.178733;;;NATURCLAD-W;
KDV Apollostrat;Belgica;Amberes;51.219400;4.402500;2023;THV Bormans Rozemarijn Ð Karuur Architecten;;
Instalaciones deportivas de Bouckenborghpark;Belgica;Amberes;51.219400;4.402500;2025;Karuur Architecten;;
Hospital Conmemorativo de Surrey;Reino Unido;Surrey;51.235000;-0.575000;;;;
Nursey Sevenoaks Kent;Reino Unido;Sevenoaks;51.272667;0.188833;;;NATURCLAD-W;
East Horsley, Surrey;Reino Unido;East Horsley;51.273000;-0.432000;;;NATURCLAD-W;
Yehudi Menuhin School;Reino Unido;Surrey;51.309000;-0.386000;;Miller Bourne Architects;;
BMO;Canada;Calgary;51.044700;-114.071900;2023;;NATURSOFFIT-W;GREY AYOOUS
Guardería Elsternest;Alemania;Leipzig;51.339700;12.373100;;Witti Bršsdorf Architekten;;
Leipzig Animal Clinic;Alemania;Leipzig;51.339700;12.373100;;;;
Guardería Michaelis;Alemania;Leipzig;51.339700;12.373100;;Witti Bršsdorf Architekten;;
Shotfield Health Center;Reino Unido;Wallington;51.364033;-0.153683;;;NATURCLAD-W;
Cavendish House;Reino Unido;Hersham;51.368000;-0.400000;;;NATURCLAD-W;
RUH Bath;Reino Unido;Bath;51.375100;-2.361717;;;NATURCLAD-W;
Beaumont Primary School;Reino Unido;Croydon;51.376200;-0.098200;;;NATURCLAD-W;RUSTIK
Woodview Mews;Reino Unido;Croydon;51.376200;-0.098200;2015;Geraghty Taylor Architects;NATURCLAD-W;RUSTIK
Centro Comunitario Torentje;Holanda;Groede;51.379000;3.507000;2008;;;
Morden SEN School;Reino Unido;Morden;51.398217;-0.198367;;;NATURCLAD-W;
Eden Park Road Beckenham;Reino Unido;Beckenham;51.408783;-0.025267;;;NATURCLAD-W;
The Vale Clinic;Reino Unido;Wokingham;51.411200;-0.835650;;;;
7 commbe ridings;Reino Unido;Kingston Upon Thames;51.412000;-0.300000;;;NATURCLAD-W;
St. Marys Calne School Library;Reino Unido;Wiltshire;51.438000;-2.006000;2020;Woods Bagot;NATURCLAD-W;RUSTIK
Biblioteca del colegio St. Mary’s Calne;Reino Unido;Witshite;51.438000;-2.006000;2020;Woods Bagot;NATURCLAD-W;RUSTIK
Kennet Island Reading;Reino Unido;Reading;51.454300;-0.978100;;;NATURCLAD-W;
University of Bristol;Reino Unido;Bristol;51.454500;-2.587900;;;NATURPANEL-W;EUCALYPTUS
Erith,  larner road;Reino Unido;Erith;51.480000;0.175000;;;NATURCLAD-W;
Avana Bakeries Site Cardiff;Reino Unido;Cardiff;51.481600;-3.179100;;;NATURCLAD-W;
Portishead Flats;Reino Unido;Portishead;51.481983;-2.769733;;;NATURCLAD-W;
Elephant and Castle;Reino Unido;Elephant and Castle;51.494000;-0.100000;;;NATURCLAD-W;
45 Whitfield Street;Reino Unido;Londres;51.507400;-0.127800;;DMFK;NATURCLAD-W;RUSTIK
Artillery Lane, Lane E;Reino Unido;Londres;51.507400;-0.127800;;;NATURCLAD-W;
Barnet and Southgate College;Reino Unido;Londres;51.507400;-0.127800;2010;Gibberd Architectes;NATURCLAD-W;RUSTIK
Church Road Upper Norwood;Reino Unido;Londres;51.507400;-0.127800;;;NATURCLAD-W;
Dalston Culture House;Reino Unido;Londres;51.507400;-0.127800;;Hawkins Brown;NATURCLAD-W;RUBI
First Central London NW10;Reino Unido;Londres;51.507400;-0.127800;;;NATURCLAD-W;
Former Menorah School Site;Reino Unido;Londres;51.507400;-0.127800;;;NATURCLAD-W;
Former Tigers Head;Reino Unido;Londres;51.507400;-0.127800;;;NATURCLAD-W;
GSK Security Lodge;Reino Unido;Londres;51.507400;-0.127800;2026;;;RUSTIK
Harrow School;Reino Unido;Londres;51.507400;-0.127800;2024;Rivington Street Studio;NATURPANEL-W;SAND OAK
Isledon Rd Travelodge London;Reino Unido;Londres;51.507400;-0.127800;;;NATURCLAD-W;
Kings College London;Reino Unido;Londres;51.507400;-0.127800;;;NATURHARDPANEL-W;SAND OAK
Larner Rd Phase;Reino Unido;Londres;51.507400;-0.127800;;;NATURCLAD-W;
Lesnes Lodge;Reino Unido;Londres;51.507400;-0.127800;;;NATURCLAD-W;
London SW17;Reino Unido;Londres;51.507400;-0.127800;;;NATURCLAD-W;
London Waldron Building;Reino Unido;Londres;51.507400;-0.127800;;Busohow Henley;;
London Zoo;Reino Unido;Londres;51.507400;-0.127800;;;NATURCLAD-W;
Mayfair Park Residences;Reino Unido;Londres;51.507400;-0.127800;2019;Jouin Manku;NATURFLOOR-W;AMERICAN OAK
New Kent Road Elephant and Castle;Reino Unido;Londres;51.507400;-0.127800;;;NATURCLAD-W;
Perseid School Modern Phase 2;Reino Unido;Londres;51.507400;-0.127800;2010;CLTH;NATURCLAD-W;ONIX
Private Healthcare at Lincoln Square;Reino Unido;Londres;51.507400;-0.127800;;PATRICIA URQUIOLA;NATURFLOOR-W;AMERICAN OAK
Sky Tv Osterly;Reino Unido;Londres;51.507400;-0.127800;;;NATURCLAD-W;
Southgate Leisure Center;Reino Unido;Londres;51.507400;-0.127800;2012;Archer Architects;NATURCLAD-W;RUSTIK
Sport Hall of Kings College;Reino Unido;Londres;51.507400;-0.127800;;;NATURHARDPANEL-W, NATURPANEL-W;SAND OAK, GRAPHITE
St. Johns Therapy Centre;Reino Unido;Londres;51.507400;-0.127800;;VERNO ARQUITECTURA;;
The Caesars Hotel;Reino Unido;Londres;51.507400;-0.127800;;;;
Vanbrugh Physiotherapy Clinic;Reino Unido;Londres;51.507400;-0.127800;;;;
Vivalda Mockup, London;Reino Unido;Londres;51.507400;-0.127800;;;NATURCLAD-W;
Wandsworth;Reino Unido;Londres;51.507400;-0.127800;;;NATURCLAD-W;
Wimbledon Park Primary;Reino Unido;Londres;51.507400;-0.127800;;;NATURCLAD-W;
Bonus Pastor Catholic College;Reino Unido;Bromley;51.508533;-0.125733;;Watkins Gray International;;
Bromley-Bonus Pastor School;Reino Unido;Bromley;51.508533;-0.125733;;;NATURCLAD-W;
Cippenham Primary School;Reino Unido;Slough;51.510500;-0.595000;;;;
Maidenhead;Reino Unido;Maidenhead;51.522783;-0.719867;;;NATURCLAD-W;
Byron Court Primary School;Reino Unido;Wembley;51.552417;-0.296867;;;NATURCLAD-W;AMBAR
Oficinas Robbe;Holanda;Oosterhout;51.645000;4.859717;2013;;;
Keir Hardie Health Park;Reino Unido;Merthyr Tydfil;51.747933;-3.377783;;;NATURCLAD-W;
Oxford Building;Reino Unido;Oxford;51.752000;-1.257700;2015;Hodder + Partners;NATURCLAD-W;RUSTIK
Uni of Herts;Reino Unido;Hatfield;51.763383;-0.224183;;;NATURCLAD-W;
Student Accom Uni of Herts Hatfield;Reino Unido;South Hatfield;51.763383;-0.224183;;;NATURCLAD-W;
Lidl Tring;Reino Unido;Tring;51.794000;-0.660000;2025;;;MUSTARD
Ockenden Manor Hotel and Spa;Reino Unido;Haslemere;51.090150;-0.707850;2012;John Cooper Associates;NATURCLAD-W;RUSTIK
Gloucester Quays;Reino Unido;Gloucester;51.864200;-2.238200;;;NATURCLAD-W;
National Forum of Music (NFM);Polonia;Breslavia;51.107900;17.038500;2015;Kurylowicz & Associates;NATURCLAD-W;ONIX
East Grinstead;Reino Unido;East Grinstead;51.123817;-0.006100;;;NATURCLAD-W;
Buckland Hospital;Reino Unido;Dover;51.127900;1.313400;;;NATURCLAD-W;
Cranleigh Medical Practice;Reino Unido;Cranleigh;51.142000;-0.483000;;SR Architects Limited;;
India Pavilion Central Sq ;Reino Unido;Cambridge;52.205300;0.121800;;;;
Edificio en Rumiana str ;Polonia;Varsovia;52.229700;21.012200;2024;Krzysztof Peszkal ;NATURCLAD-W;RUSTIK MATTE
Merliniego;Polonia;Varsovia;52.229700;21.012200;2017;;NATURCLAD-W;RUSTIK
Reconstrucción vivienda  - Dom z Wycinanka;Polonia;Poznan;52.406400;16.925200;;;NATURCLAD-W;RUSTIK
Guardería St. Marien;Alemania;Wolfsburgo;52.422700;10.786500;;T. Mšhlendick Architekten;;
Courtyard Hotel Im Allepark;Alemania;Wolfsburgo;52.434700;10.811067;2018;Stauth Architekten;;
Hotel IM Allepark countryard Marriott;Alemania;Wolfsburgo;52.434700;10.811067;2017;Stauth Architekten;NATURCLAD-W;ONIX
Birmingham Student Accomodation;Reino Unido;Birmingham;52.486200;-1.890400;;;NATURCLAD-W;
Hotel Narvil Conference&Spa;Polonia;Serock;52.510200;21.069800;2012;KM Rubaszkiewicz Architekci;;
Caudwell Children Centre;Reino Unido;Stock-On-Trent;53.004150;-2.185383;;;NATURCLAD-W, NATURHARDPANEL-W;RUSTIK
Hospital Nacional de Servicios Forenses de Salud Mental;Irlanda;Dublin;53.349800;-6.260300;;;NATURFLOOR-W;GREY QUERCUS
St Patrick's College;Irlanda;Dublin;53.349800;-6.260300;;Architect RMJM Edinburgh;;
Trinity Business School;Irlanda;Dublin;53.349800;-6.260300;;;NATURPANEL-W;GREY QUERCUS
Westwood Dublin;Irlanda;Dublin;53.349800;-6.260300;;;NATURCLAD-W;
Parklex Westwood;Reino Unido;Dublin;53.349800;-6.260300;;;NATURCLAD-W;
Aintree  Hospital;Reino Unido;Liverpool;53.408400;-2.991600;;DAY Architectural Ltd;;
Gateacre School;Reino Unido;Liverpool;53.408400;-2.991600;;;;
Hampton By Hilton Liverpool John Lennon Airport;Reino Unido;Liverpool;53.408400;-2.991600;;Leach Rhodes Walker;NATURCLAD-W;RUSTIK
Hotel and CarPark Liverpool Airport;Reino Unido;Liverpool;53.408400;-2.991600;;;NATURCLAD-W;
Yorkshire Wild Life Park;Reino Unido;Doncaster;53.522850;-1.131167;;ARTES London;NATURCLAD-W;
Commonwealth Rec Cntr;Canada;Edmonton;53.546100;-113.493800;2012;MJMA;NATURCLAD-W;PALE
Huddersfield Business School;Reino Unido;Huddersfield;53.649033;-1.784167;;Farrell & Clark;NATURCLAD-W;
Westgate wakefield;Reino Unido;Wakefield;53.683317;-1.497683;;;NATURCLAD-W;
Winifred Holtby School;Reino Unido;Hull;53.767600;-0.327400;2011;;NATURCLAD-W;RUSTIK
Valley Park Leeds;Reino Unido;Leeds;53.800800;-1.549100;;;NATURCLAD-W;
Alliance 1892, Cognac Museum and Cellar;Rusia;Chernyakhovsk, Kaliningrad;54.633450;21.815567;;Totement / Paper;;COPPER
Swedbank HQ;Lituania;Vilnius;54.687200;25.279700;2009;Audrius Ambrasas Architects;NATURCLAD-W;RUSTIK
Restaurant in Denmark;Dinamarca;Copenhagen;55.676100;12.568300;2024;;NATURFLOOR-W;RUSTIC OAK
Hamilton Restaurant;Reino Unido;Hamilton;55.766700;-4.033300;;;NATURCLAD-W;
Agro-Industrial Complex;Lituania;Babtai;55.092000;23.794000;2019;Audrius Ambrasas Architects;NATURCLAD-W;PALE
Gore Glen Primary School;Reino Unido;Gorebridge;55.846000;-3.050000;2016;AHR;NATURCLAD-W;RUSTIK
Hill Top Primary Academy;Reino Unido;Airdrie;55.866700;-3.983300;;Norr Architecture;;
Renfrew Police Station;Reino Unido;Renfrew;55.871967;-4.392533;;;NATURCLAD-W;
Station Hus 2;Suecia;Falkenberg;56.905500;12.491200;2020;White Arkitekter;NATURCLAD-W;RUSTIK
Viljandi Hospital;Estonia;Viljandi;58.363900;25.590000;2024;BakPak Architects;NATURCLAD-W;RUSTIK MATTE
Museo Rosseland;Noruega;Bryne;58.735000;5.647000;2015;;NATURCLAD-W;RUBI
Museo Telemark;Noruega;Skien;59.209600;9.609000;2019;Børve Borchsenius;NATURCLAD-W;BOREAL
Apartamentos Kulås Hage;Noruega;Sarpsborg;59.283900;11.109600;;Fagerstadt;NATURCLAD-W;CHESTNUT
Nõmme 328;Estonia;Nõmme;59.377567;24.685867;2022;PLUSS;NATURCLAD-W;RUSTIK
Gubbeskogen Terrasse;Noruega;Moss;59.434000;10.657700;2017;Nuno Arkitektur;NATURCLAD-W;CHESTNUT
Noblessner;Estonia;Tallin;59.436967;24.753533;2018-2019?;PLUSS;NATURCLAD-W;RUSTIK
Gross Villa;Estonia;Tallinn;59.437000;24.753600;2023;;NATURCLAD-W;CHIA
Lootsi;Estonia;Tallinn;59.437000;24.753600;2005;HGA (Hayashi Ð Grossschmidt Arhitektuur);NATURCLAD-W;RUSTIK
Centro Cultural Bolgen;Noruega;Larvik;59.053300;10.035200;2009;Nielstorp;NATURCLAD-W;ONIX
Nordhagen;Noruega;Sandvika;59.890000;10.527000;2025;;;TOBACCO, SESAME, MUSTARD
Clínica Aleris;Noruega;Oslo;59.913900;10.752200;2019;Nordic Office of Archiecture (https://nordicarch.com/projects);NATURCLAD-W;CHESTNUT
Tribunal de Apelación de Borgarting;Noruega;Oslo;59.913900;10.752200;2016;;NATURCLAD-W;CHESTNUT
Edificio Residencial MAD;Noruega;Oslo;59.913900;10.752200;2010;MAD Arkitekter;;RUSTIK
Hotel Hasle Linje;Noruega;Oslo;59.913900;10.752200;2021;Ghilardi+Hellsten Arkitekter AS;NATURCLAD-W, NATURHARDPANEL-W;COFFEE
Munch Brygge;Noruega;Oslo;59.913900;10.752200;2019;Lund+Slaatto Architects;NATURCLAD-W;CHESTNUT
Oopsal Arena;Noruega;Oslo;59.913900;10.752200;2019;;NATURCLAD-W;CHESTNUT
The Carve;Noruega;Oslo;59.913900;10.752200;2014;A-Lab/MAD Arkitekter;NATURCLAD-W;RUSTIK
Complejo de oficinas - Ullern Panorama Silurveien 2 (S2);Noruega;Oslo;59.913900;10.752200;2014;Nordic Office of Archiecture;NATURCLAD-W;RUSTIK
Villa Montebello;Noruega;Oslo;59.913900;10.752200;2020;Stein Halvorsen Arkitekter;NATURCLAD-W;PALE
Colegio Mailand;Noruega;L¿renskog;59.929000;10.954000;2011;Arkitektgruppen Lille Frøen;NATURCLAD-W;RUSTIK
Colegio Heistadt;Noruega;Porsgrunn;59.140500;9.656100;2012;Borve BorchSenius;NATURCLAD-W;PALE
Rendy House;Indonesia;Jakarta;-6.208800;106.845600;2020;;NATURCLAD-W;RUSTIK
Ciasem House;Indonesia;Baru;-6.244000;106.800000;2023;Studiokas;NATURCLAD-W;RUSTIK
Arkadia;Colombia;Medellín;6.244200;-75.581200;2017;;NATURCLAD-W;RUSTIK
Casa Mirador del Bosque;Colombia;Medellín;6.244200;-75.581200;2016;;NATURCLAD-W;RUSTIK
Casa Carmen;Colombia;Medellín;6.245000;-75.571517;2016;;NATURCLAD-W;RUSTIK
Casa en el aire;Colombia;Medellín;6.245000;-75.571517;2015;;NATURCLAD-W;RUSTIK
Damsgårdsveien 69;Noruega;Bergen;60.391300;5.322100;2014;;NATURCLAD-W;RUSTIK
Johan Hjorts vei 47;Noruega;Bergen;60.391300;5.322100;2020;Lund og Laastad Arkitekter;NATURCLAD-W;BOREAL
Sede Central  - Frydenbø Group;Noruega;Damsgard;60.392983;5.324150;2019;;NATURCLAD-W;AMBAR
Watson Lake Hospital;Canada;Yukon;60.063000;-128.708000;;;;
Centro comercial CC Hamar Stadion;Noruega;Hamar;60.794500;11.067900;2014;Nordic Office of Archiecture;NATURCLAD-W;RUSTIK
Residencia Golden View;Estados Unidos;Alaska;61.218000;-149.900000;2014;Workshop AD;NATURCLAD-W;RUSTIK MATTE
SCF TUDOR & ELMORE Development;Estados Unidos;Alaska;61.218000;-149.900000;2025;;NATURCLAD-W;
Turnagain Beach House Anchorage;Estados Unidos;Alaska, AK;61.218067;-149.900283;;KPB Architects;;QUARTZ
Hotel Alexandra;Noruega;Loen;61.872000;6.851000;2012;Inkognito Architecs;NATURCLAD-W;PALE
Quality Hotel Waterfront;Noruega;Alesund;62.472250;6.154917;2012;Link Arkitektur;NATURCLAD-W;RUSTIK
Hotel Bergstadens;Noruega;Røros;62.574000;11.384000;2023;SJD;NATURHARDPANEL-W;AMERICAN OAK
Fokuskvartalet;Noruega;Trondheim;63.430500;10.395100;2007;Bergersen;NATURCLAD-W;NUX
Hotel Rica Bakklandet;Noruega;Trondheim;63.430500;10.395100;2011;Madso Sveen;NATURCLAD-W;ANTRA
Lanternen;Noruega;Trondheim;63.430500;10.395100;2018;;NATURCLAD-W;CHESTNUT
Facebook Data Base en Luleå;Suecia;Luleå;65.584800;22.156700;2016;Sheehan Nagle Hartray Architects;NATURCLAD-W;RUSTIK
Bodø 360;Noruega;Bodø;67.280000;14.405000;2019;Norconsult Norge As;NATURCLAD-W;CHESTNUT
HOPE Clinic;Panama;Panama;8.982400;-79.519900;;;;
New Salvation Army;Estados Unidos;Eglinton, ONT;43.727283;-79.288233;2023;Sound Solutions;NATURSOFFIT-W;WHITE AMERICAN OAK
Green Ryadh;Estados Unidos;Kansas;24.700000;46.716667;2026;Obras / MAANI Ventures;;
Casual Pint;Estados Unidos;Knoxville, Tennessee;35.936017;-84.003383;2023;SCSI;NATURFLOOR-W;COUNTRY OAK
Axinn Office;Estados Unidos;Washington DC;38.904500;-77.044500;2022;PPSI;NATURFLOOR-W;WALNUT
Sutton Offices in Magog;Canada;Quebec;45.279300;-72.181983;;;;COPPER
Bayfront Health;Estados Unidos;St. Petersburg-Florida;27.760000;-82.643000;2023;SCSI;NATURHARDPANEL-W;AMERICAN OAK
Ara Partners;Estados Unidos;TBoston;42.349000;-71.073000;2023;GD Group;NATURFLOOR-W;SAND OAK
Compass Coffee;Estados Unidos;Virginia;38.898500;-77.083000;2024;PPSI;NATURFLOOR-W;AMERICAN OAK
1300 Connecticut;Estados Unidos;Connecticut;38.907600;-77.036900;;;NATURFLOOR-W;
Chicago Ohare Airport;Estados Unidos;Chicago;41.974200;-87.907300;2021;;NATURFLOOR-W;
Chick-fil-A Charlotte;Estados Unidos;charlotte;35.227100;-80.843100;2024;;NATURCLAD-W;
Community bank Henrietta;Estados Unidos;NY;43.090700;-77.632300;2025;;NATURCLAD-W;
Kalamazoo Country Club;Estados Unidos;Kalamazoo, Michigan;42.254500;-85.606400;2024;;NATURCLAD-W;
Pohlad Co Minneapolis;Estados Unidos;Minneapolis, Minnesota;44.981633;-93.269050;2024;;NATURFLOOR-W;
Southside bank Cleveland;Estados Unidos;Cleveland, Texas;30.342433;-95.086767;2025;;NATURCLAD-W;
